date,apprehended_cbp,cbp_load,transfers_to_hhs,hhs_load,hhs_discharges,source_row_number,is_blank_row,invalid_apprehended_cbp,invalid_cbp_load,invalid_transfers_to_hhs,invalid_hhs_load,invalid_hhs_discharges,negative_value,duplicate_date,transfers_exceed_cbp_load,discharges_exceed_hhs_load,logical_validation_failure,anomaly_flag,duplicate_row,total_system_load,net_intake_pressure,cumulative_net_intake,care_load_growth_rate,total_system_load_7d_avg,cbp_load_7d_avg,hhs_load_7d_avg,net_intake_pressure_7d_avg,total_system_load_14d_avg,cbp_load_14d_avg,hhs_load_14d_avg,net_intake_pressure_14d_avg,care_load_volatility_14d,discharge_offset_ratio,high_load_threshold,high_load,sustained_positive_pressure,pressure_run_id,pressure_duration
2023-01-12,33,53,34,6566,436,721,False,False,False,False,False,False,False,False,False,False,False,False,False,6619,-402,-402,,6619.0,53.0,6566.0,-402.0,6619.0,53.0,6566.0,-402.0,,12.823529411764707,8249.5,False,False,,0
2023-01-22,32,49,39,7122,227,720,False,False,False,False,False,False,False,False,False,False,False,False,False,7171,-188,-590,8.339628342649942,6895.0,51.0,6844.0,-295.0,6895.0,51.0,6844.0,-295.0,390.32294321497426,5.82051282051282,8249.5,False,False,,0
2023-01-23,32,50,39,7280,181,719,False,False,False,False,False,False,False,False,False,False,False,False,False,7330,-142,-732,2.2172639799191263,7040.0,50.666666666666664,6989.333333333333,-244.0,7040.0,50.666666666666664,6989.333333333333,-244.0,373.16350303854745,4.641025641025641,8249.5,False,False,,0
2023-01-24,47,42,47,7433,175,718,False,False,False,False,False,False,False,False,True,False,True,True,False,7475,-128,-860,1.9781718963165051,7148.75,48.5,7100.25,-215.0,7148.75,48.5,7100.25,-215.0,374.3531087088766,3.723404255319149,8249.5,False,False,,0
2023-01-25,20,22,41,7538,180,717,False,False,False,False,False,False,False,False,True,False,True,True,False,7560,-139,-999,1.1371237458194017,7231.0,43.2,7187.8,-199.8,7231.0,43.2,7187.8,-199.8,372.7338192329749,4.390243902439025,8249.5,False,False,,0
2023-01-29,23,45,11,7472,303,716,False,False,False,False,False,False,False,False,False,False,False,False,False,7517,-292,-1291,-0.5687830687830742,7278.666666666667,43.5,7235.166666666667,-215.16666666666666,7278.666666666667,43.5,7235.166666666667,-215.16666666666666,353.2379745535107,27.545454545454547,8249.5,False,False,,0
2023-01-30,34,54,29,7743,196,715,False,False,False,False,False,False,False,False,False,False,False,False,False,7797,-167,-1458,3.7248902487694524,7352.714285714285,45.0,7307.714285714285,-208.28571428571428,7352.714285714285,45.0,7307.714285714285,-208.28571428571428,377.3092075410273,6.758620689655173,8249.5,False,False,,0
2023-01-31,26,36,36,7803,158,714,False,False,False,False,False,False,False,False,False,False,False,False,False,7839,-122,-1580,0.538668718737978,7527.0,42.57142857142857,7484.428571428572,-168.28571428571428,7413.5,43.875,7369.625,-197.5,389.3378995166023,4.388888888888889,8249.5,False,False,,0
2023-02-01,25,32,27,7903,231,713,False,False,False,False,False,False,False,False,False,False,False,False,False,7935,-204,-1784,1.2246460007653948,7636.142857142857,40.142857142857146,7596.0,-170.57142857142858,7471.444444444444,42.55555555555556,7428.888888888889,-198.22222222222223,403.55176592077714,8.555555555555555,8249.5,False,False,,0
2023-02-02,15,13,23,7879,298,712,False,False,False,False,False,False,False,False,True,False,True,True,False,7892,-275,-2059,-0.5419029615627013,7716.428571428572,34.857142857142854,7681.571428571428,-189.57142857142858,7513.5,39.6,7473.9,-205.9,403.0456963339681,12.956521739130435,8249.5,False,False,,0
2023-02-05,16,18,15,7586,342,711,False,False,False,False,False,False,False,False,False,False,False,False,False,7604,-327,-2386,-3.6492650785605707,7734.857142857143,31.428571428571427,7703.428571428572,-218.0,7521.727272727273,37.63636363636363,7484.090909090909,-216.9090909090909,383.3351251605025,22.8,8249.5,False,False,,0
2023-02-06,11,22,12,7720,196,710,False,False,False,False,False,False,False,False,False,False,False,False,False,7742,-184,-2570,1.8148342977380327,7760.857142857143,31.428571428571427,7729.428571428572,-224.42857142857142,7540.083333333333,36.333333333333336,7503.75,-214.16666666666666,370.9857773145716,16.333333333333332,8249.5,False,False,,0
2023-02-07,16,20,20,7855,200,709,False,False,False,False,False,False,False,False,False,False,False,False,False,7875,-180,-2750,1.7179023508137492,7812.0,27.857142857142858,7784.142857142857,-208.42857142857142,7565.846153846154,35.07692307692308,7530.7692307692305,-211.53846153846155,367.1370875104297,10.0,8249.5,False,False,,0
2023-02-08,93,196,169,7915,317,708,False,False,False,False,False,False,False,False,False,False,False,False,False,8111,-148,-2898,2.9968253968253977,7856.857142857143,48.142857142857146,7808.714285714285,-205.71428571428572,7604.785714285715,46.57142857142857,7558.214285714285,-207.0,381.6402209434405,1.8757396449704142,8249.5,False,False,,0
2023-02-09,124,234,161,7908,353,707,False,False,False,False,False,False,False,False,False,False,False,False,False,8142,-192,-3090,0.3821970163974786,7900.142857142857,76.42857142857143,7823.714285714285,-215.71428571428572,7713.571428571428,59.5,7654.071428571428,-192.0,283.4655627668467,2.1925465838509317,8249.5,False,False,,0
2023-02-12,92,203,173,7434,317,706,False,False,False,False,False,False,False,False,False,False,False,False,False,7637,-144,-3234,-6.202407270940801,7857.571428571428,100.85714285714286,7756.714285714285,-207.14285714285714,7746.857142857143,70.5,7676.357142857143,-188.85714285714286,238.67482131483865,1.8323699421965318,8249.5,False,False,,0
2023-02-13,186,259,172,7483,244,705,False,False,False,False,False,False,False,False,False,False,False,False,False,7742,-72,-3306,1.3748854262144894,7836.142857142857,136.0,7700.142857142857,-178.14285714285714,7776.285714285715,85.42857142857143,7690.857142857143,-183.85714285714286,206.5621264605685,1.4186046511627908,8249.5,False,False,,0
2023-02-14,154,225,220,7794,223,704,False,False,False,False,False,False,False,False,False,False,False,False,False,8019,-3,-3309,3.577886850942913,7895.428571428572,165.57142857142858,7729.857142857143,-131.85714285714286,7815.142857142857,98.5,7716.642857142857,-174.92857142857142,196.44566958551383,1.0136363636363637,8249.5,False,False,,0
2023-02-15,91,199,172,7869,290,703,False,False,False,False,False,False,False,False,False,False,False,False,False,8068,-118,-3427,0.6110487591969083,7942.0,190.85714285714286,7751.142857142857,-122.42857142857143,7851.428571428572,111.14285714285714,7740.285714285715,-173.42857142857142,192.57115140032803,1.686046511627907,8249.5,False,False,,0
2023-02-16,81,213,153,7793,361,702,False,False,False,False,False,False,False,False,False,False,False,False,False,8006,-208,-3635,-0.7684680218145723,7960.714285714285,218.42857142857142,7742.285714285715,-126.42857142857143,7886.357142857143,123.14285714285714,7763.214285714285,-167.42857142857142,170.3067852403442,2.3594771241830066,8249.5,False,False,,0
2023-02-20,209,285,184,7817,209,701,False,False,False,False,False,False,False,False,False,False,False,False,False,8102,-25,-3660,1.1991006744941357,7959.428571428572,231.14285714285714,7728.285714285715,-108.85714285714286,7908.142857142857,139.64285714285714,7768.5,-157.28571428571428,177.35876597487768,1.1358695652173914,8249.5,False,False,,0
2023-02-21,184,314,217,7967,213,700,False,False,False,False,False,False,False,False,False,False,False,False,False,8281,4,-3656,2.209331029375461,7979.285714285715,242.57142857142858,7736.714285714285,-80.85714285714286,7939.714285714285,159.5,7780.214285714285,-148.28571428571428,201.76468722496628,0.9815668202764977,8249.5,True,False,1,1
2023-02-22,107,215,230,7978,232,699,False,False,False,False,False,False,False,False,True,False,True,True,False,8193,-2,-3658,-1.0626735901461126,8058.714285714285,244.28571428571428,7814.428571428572,-60.57142857142857,7958.142857142857,172.57142857142858,7785.571428571428,-133.85714285714286,212.78261103868184,1.008695652173913,8249.5,False,False,,0
2023-02-23,101,162,178,7914,386,698,False,False,False,False,False,False,False,False,True,False,True,True,False,8076,-208,-3866,-1.42804833394361,8106.428571428572,230.42857142857142,7876.0,-80.0,7971.285714285715,183.21428571428572,7788.071428571428,-129.07142857142858,214.06161175318888,2.168539325842697,8249.5,False,False,,0
2023-02-26,99,190,176,7609,323,697,False,False,False,False,False,False,False,False,False,False,False,False,False,7799,-147,-4013,-3.42991579990094,8075.0,225.42857142857142,7849.571428571428,-100.57142857142857,7985.214285714285,195.5,7789.714285714285,-116.21428571428571,193.70047399625255,1.8352272727272727,8249.5,False,False,,0
2023-02-27,167,239,166,7800,248,696,False,False,False,False,False,False,False,False,False,False,False,False,False,8039,-82,-4095,3.077317604821128,8070.857142857143,231.14285714285714,7839.714285714285,-95.42857142857143,8006.428571428572,211.0,7795.428571428572,-108.92857142857143,180.85213436809,1.4939759036144578,8249.5,False,False,,0
2023-02-28,115,216,169,7896,200,695,False,False,False,False,False,False,False,False,False,False,False,False,False,8112,-31,-4126,0.9080731434258027,8086.0,231.57142857142858,7854.428571428572,-70.14285714285714,8023.357142857143,225.0,7798.357142857143,-98.28571428571429,178.6826181305196,1.183431952662722,8249.5,False,False,,0
2023-03-01,84,158,193,7930,307,694,False,False,False,False,False,False,False,False,True,False,True,True,False,8088,-114,-4240,-0.295857988165682,8084.0,213.42857142857142,7870.571428571428,-82.85714285714286,8021.714285714285,222.28571428571428,7799.428571428572,-95.85714285714286,177.91892214472844,1.5906735751295338,8249.5,False,False,,0
2023-03-02,130,227,192,7870,335,693,False,False,False,False,False,False,False,False,False,False,False,False,False,8097,-143,-4383,0.1112759643916883,8057.714285714285,201.0,7856.714285714285,-103.85714285714286,8018.5,221.78571428571428,7796.714285714285,-92.35714285714286,175.9745392422937,1.7447916666666667,8249.5,False,False,,0
2023-03-07,88,214,160,7859,259,692,False,False,False,False,False,False,False,False,False,False,False,False,False,8073,-99,-4482,-0.2964060763245624,8040.571428571428,200.85714285714286,7839.714285714285,-117.71428571428571,8049.642857142857,222.57142857142858,7827.071428571428,-89.14285714285714,137.67889461343376,1.61875,8249.5,False,False,,0
2023-03-08,113,208,159,7885,291,691,False,False,False,False,False,False,False,False,False,False,False,False,False,8093,-132,-4614,0.24773937817414993,8043.0,207.42857142857142,7835.571428571428,-106.85714285714286,8074.714285714285,218.92857142857142,7855.785714285715,-93.42857142857143,105.5596284799923,1.830188679245283,8249.5,False,False,,0
2023-03-09,174,285,150,7786,340,690,False,False,False,False,False,False,False,False,False,False,False,False,False,8071,-190,-4804,-0.27183986160880247,8081.857142857143,221.0,7860.857142857143,-113.0,8078.428571428572,223.21428571428572,7855.214285714285,-106.78571428571429,104.35642642531678,2.2666666666666666,8249.5,False,False,,0
2023-03-13,104,230,206,7567,249,689,False,False,False,False,False,False,False,False,False,False,False,False,False,7797,-43,-4847,-3.3948705240986254,8047.285714285715,219.71428571428572,7827.571428571428,-107.42857142857143,8059.071428571428,225.42857142857142,7833.642857142857,-101.42857142857143,128.72777734172058,1.2087378640776698,8249.5,False,False,,0
2023-03-14,147,276,214,7810,181,688,False,False,False,False,False,False,False,False,False,False,False,False,False,8086,33,-4814,3.70655380274465,8043.571428571428,228.28571428571428,7815.285714285715,-98.28571428571429,8064.785714285715,229.92857142857142,7834.857142857143,-84.21428571428571,127.96404457227662,0.8457943925233645,8249.5,False,False,3,1
2023-03-15,108,220,213,7915,286,687,False,False,False,False,False,False,False,False,False,False,False,False,False,8135,-73,-4887,0.6059856542171671,8050.285714285715,237.14285714285714,7813.142857142857,-92.42857142857143,8067.142857142857,225.28571428571428,7841.857142857143,-87.64285714285714,129.00200185855786,1.3427230046948357,8249.5,False,False,,0
2023-03-16,180,280,146,7989,308,686,False,False,False,False,False,False,False,False,False,False,False,False,False,8269,-162,-5049,1.647203441917644,8074.857142857143,244.71428571428572,7830.142857142857,-95.14285714285714,8066.285714285715,222.85714285714286,7843.428571428572,-99.5,127.50289804936946,2.1095890410958904,8249.5,True,False,,0
2023-03-19,134,294,186,7885,306,685,False,False,False,False,False,False,False,False,False,False,False,False,False,8179,-120,-5169,-1.0884024670455905,8090.0,256.14285714285717,7833.857142857143,-98.14285714285714,8065.285714285715,228.5,7836.785714285715,-107.92857142857143,126.48346110881387,1.6451612903225807,8249.5,False,False,,0
2023-03-20,202,313,158,7931,279,684,False,False,False,False,False,False,False,False,False,False,False,False,False,8244,-121,-5290,0.7947181807066883,8111.571428571428,271.14285714285717,7840.428571428572,-96.57142857142857,8077.285714285715,239.28571428571428,7838.0,-101.71428571428571,135.244182909979,1.7658227848101267,8249.5,False,False,,0
2023-03-21,110,272,193,8050,221,683,False,False,False,False,False,False,False,False,False,False,False,False,False,8322,-28,-5318,0.9461426491994107,8147.428571428572,269.2857142857143,7878.142857142857,-73.42857142857143,8114.642857142857,245.14285714285714,7869.5,-93.21428571428571,124.2476479534992,1.145077720207254,8249.5,True,False,,0
2023-03-22,166,277,229,8097,246,682,False,False,False,False,False,False,False,False,False,False,False,False,False,8374,-17,-5335,0.6248497957221932,8229.857142857143,276.0,7953.857142857143,-69.71428571428571,8138.571428571428,247.85714285714286,7890.714285714285,-88.57142857142857,139.83931123625965,1.074235807860262,8249.5,True,False,,0
2023-03-23,136,276,178,8102,331,681,False,False,False,False,False,False,False,False,False,False,False,False,False,8378,-153,-5488,0.04776689754000252,8271.57142857143,276.0,7995.571428571428,-96.28571428571429,8157.571428571428,252.14285714285714,7905.428571428572,-97.28571428571429,153.36769005121897,1.8595505617977528,8249.5,True,False,,0
2023-03-26,87,246,173,7847,352,680,False,False,False,False,False,False,False,False,False,False,False,False,False,8093,-179,-5667,-3.4017665313917367,8265.57142857143,279.7142857142857,7985.857142857143,-111.42857142857143,8157.928571428572,258.42857142857144,7899.5,-101.92857142857143,153.19894771967594,2.0346820809248554,8249.5,False,False,,0
2023-03-27,84,171,157,7994,235,679,False,False,False,False,False,False,False,False,False,False,False,False,False,8165,-78,-5745,0.8896577289015273,8250.714285714286,264.14285714285717,7986.571428571428,-99.42857142857143,8162.785714285715,254.42857142857142,7908.357142857143,-97.28571428571429,152.1932873135182,1.4968152866242037,8249.5,False,False,,0
2023-03-28,167,209,157,8079,223,678,False,False,False,False,False,False,False,False,False,False,False,False,False,8288,-66,-5811,1.5064298836497292,8266.285714285714,252.0,8014.285714285715,-91.71428571428571,8178.142857142857,254.07142857142858,7924.071428571428,-94.92857142857143,153.27996363760508,1.4203821656050954,8249.5,True,False,,0
2023-03-29,109,245,159,8208,267,677,False,False,False,False,False,False,False,False,False,False,False,False,False,8453,-108,-5919,1.9908301158301223,8296.142857142857,242.28571428571428,8053.857142857143,-89.85714285714286,8203.857142857143,256.7142857142857,7947.142857142857,-93.21428571428571,167.4403945118495,1.679245283018868,8249.5,True,False,,0
2023-03-30,156,256,176,8158,359,676,False,False,False,False,False,False,False,False,False,False,False,False,False,8414,-183,-6102,-0.4613746598840618,8309.285714285714,240.0,8069.285714285715,-112.0,8228.357142857143,254.64285714285714,7973.714285714285,-92.71428571428571,171.54887491182902,2.039772727272727,8249.5,True,False,,0
2023-04-02,125,232,192,7981,304,675,False,False,False,False,False,False,False,False,False,False,False,False,False,8213,-112,-6214,-2.388875683384839,8286.285714285714,233.57142857142858,8052.714285714285,-125.57142857142857,8258.07142857143,254.78571428571428,8003.285714285715,-97.64285714285714,119.0936698477287,1.5833333333333333,8249.5,False,False,,0
2023-04-03,118,139,168,8054,284,674,False,False,False,False,False,False,False,False,True,False,True,True,False,8193,-116,-6330,-0.24351637647631597,8259.857142857143,214.0,8045.857142857143,-120.28571428571429,8265.714285714286,245.0,8020.714285714285,-108.28571428571429,110.31104873277657,1.6904761904761905,8249.5,False,False,,0
2023-04-04,142,235,139,8068,259,673,False,False,False,False,False,False,False,False,False,False,False,False,False,8303,-120,-6450,1.3426095447333086,8289.857142857143,212.42857142857142,8077.428571428572,-111.85714285714286,8277.714285714286,246.07142857142858,8031.642857142857,-111.64285714285714,103.95222909617355,1.8633093525179856,8249.5,True,False,,0
2023-04-05,148,245,175,8175,260,672,False,False,False,False,False,False,False,False,False,False,False,False,False,8420,-85,-6535,1.4091292303986425,8326.285714285714,223.0,8103.285714285715,-112.85714285714286,8288.5,243.57142857142858,8044.928571428572,-106.14285714285714,110.59958965008202,1.4857142857142858,8249.5,True,False,,0
2023-04-06,119,219,210,8178,284,671,False,False,False,False,False,False,False,False,False,False,False,False,False,8397,-74,-6609,-0.2731591448931092,8341.857142857143,224.42857142857142,8117.428571428572,-114.0,8304.07142857143,238.21428571428572,8065.857142857143,-102.85714285714286,109.33608334340599,1.3523809523809525,8249.5,True,False,,0
2023-04-09,105,210,149,7900,329,670,False,False,False,False,False,False,False,False,False,False,False,False,False,8110,-180,-6789,-3.4178873407169186,8292.857142857143,219.42857142857142,8073.428571428572,-124.28571428571429,8294.5,230.85714285714286,8063.642857142857,-107.07142857142857,120.31353271283893,2.208053691275168,8249.5,False,False,,0
2023-04-10,143,203,163,7826,265,669,False,False,False,False,False,False,False,False,False,False,False,False,False,8029,-102,-6891,-0.998766954377317,8237.857142857143,211.85714285714286,8026.0,-112.71428571428571,8273.57142857143,225.92857142857142,8047.642857142857,-112.35714285714286,139.1682514002372,1.6257668711656441,8249.5,False,False,,0
2023-04-11,119,209,152,7922,187,668,False,False,False,False,False,False,False,False,False,False,False,False,False,8131,-35,-6926,1.2703948187819059,8226.142857142857,208.57142857142858,8017.571428571428,-101.71428571428571,8256.214285714286,221.07142857142858,8035.142857142857,-113.64285714285714,140.82295407923374,1.230263157894737,8249.5,False,False,,0
2023-04-12,155,212,181,7876,283,667,False,False,False,False,False,False,False,False,False,False,False,False,False,8088,-102,-7028,-0.5288402410527637,8211.142857142857,219.0,7992.142857142857,-99.71428571428571,8235.5,216.5,8019.0,-110.0,142.84512861567424,1.5635359116022098,8249.5,False,False,,0
2023-04-13,109,214,173,7795,370,666,False,False,False,False,False,False,False,False,False,False,False,False,False,8009,-197,-7225,-0.97675568743818,8169.142857142857,216.0,7953.142857142857,-110.71428571428571,8229.5,214.21428571428572,8015.285714285715,-111.28571428571429,150.83192377864518,2.138728323699422,8249.5,False,False,,0
2023-04-16,191,283,192,7380,272,665,False,False,False,False,False,False,False,False,False,False,False,False,False,7663,-80,-7305,-4.320139842676984,8061.0,221.42857142857142,7839.571428571428,-110.0,8193.642857142857,222.21428571428572,7971.428571428572,-111.42857142857143,213.85027369736434,1.4166666666666667,8249.5,False,False,,0
2023-04-17,170,297,196,7344,248,664,False,False,False,False,False,False,False,False,False,False,False,False,False,7641,-52,-7357,-0.2870938274827095,7953.0,232.57142857142858,7720.428571428572,-106.85714285714286,8147.428571428572,228.5,7918.928571428572,-110.42857142857143,257.3721383180704,1.2653061224489797,8249.5,False,False,,0
2023-04-18,152,272,214,7376,234,663,False,False,False,False,False,False,False,False,False,False,False,False,False,7648,-20,-7377,0.0916110456746555,7887.0,241.42857142857142,7645.571428571428,-84.0,8089.928571428572,230.42857142857142,7859.5,-104.14285714285714,273.2838660231704,1.0934579439252337,8249.5,False,False,,0
2023-04-19,239,367,224,7356,229,662,False,False,False,False,False,False,False,False,False,False,False,False,False,7723,-5,-7382,0.9806485355648542,7843.285714285715,264.85714285714283,7578.428571428572,-70.14285714285714,8040.571428571428,238.35714285714286,7802.214285714285,-91.42857142857143,272.6510066524062,1.0223214285714286,8249.5,False,False,,0
2023-04-20,113,280,237,7490,320,661,False,False,False,False,False,False,False,False,False,False,False,False,False,7770,-83,-7465,0.6085717985238936,7791.714285714285,275.0,7516.714285714285,-77.0,8008.928571428572,241.78571428571428,7767.142857142857,-89.35714285714286,276.77551700464045,1.350210970464135,8249.5,False,False,,0
2023-04-23,196,306,187,7534,266,660,False,False,False,False,False,False,False,False,False,False,False,False,False,7840,-79,-7544,0.9009009009008917,7756.285714285715,288.42857142857144,7467.857142857143,-73.71428571428571,7983.714285714285,253.71428571428572,7730.0,-86.71428571428571,274.7887100388852,1.4224598930481283,8249.5,False,False,,0
2023-04-24,236,330,222,7796,213,659,False,False,False,False,False,False,False,False,False,False,False,False,False,8126,9,-7535,3.647959183673466,7773.0,305.0,7468.0,-44.285714285714285,7971.071428571428,260.5,7710.571428571428,-77.5,262.777901039499,0.9594594594594594,8249.5,False,False,5,2
2023-04-25,81,230,242,8017,202,658,False,False,False,False,False,False,False,False,True,False,True,True,False,8247,40,-7495,1.4890475018459304,7856.428571428572,297.42857142857144,7559.0,-27.142857142857142,7958.714285714285,259.42857142857144,7699.285714285715,-68.57142857142857,243.3959827022704,0.8347107438016529,8249.5,False,False,5,2
2023-04-26,118,245,160,8117,256,657,False,False,False,False,False,False,False,False,False,False,False,False,False,8362,-96,-7591,1.3944464653813604,7959.428571428572,290.0,7669.428571428572,-33.42857142857143,7956.214285714285,261.2857142857143,7694.928571428572,-70.14285714285714,238.68201523282798,1.6,8249.5,True,False,,0
2023-04-27,218,283,208,8159,310,656,False,False,False,False,False,False,False,False,False,False,False,False,False,8442,-102,-7693,0.9567089213107005,8072.857142857143,291.57142857142856,7781.285714285715,-45.142857142857146,7979.928571428572,266.5,7713.428571428572,-64.57142857142857,269.62408711323945,1.4903846153846154,8249.5,True,False,,0
2023-04-30,132,243,183,8352,293,655,False,False,False,False,False,False,False,False,False,False,False,False,False,8595,-110,-7803,1.8123667377398789,8197.42857142857,273.85714285714283,7923.571428571428,-60.142857142857146,8020.357142857143,269.35714285714283,7751.0,-65.14285714285714,315.99479234824094,1.6010928961748634,8249.5,True,False,,0
2023-05-01,224,315,152,8492,237,654,False,False,False,False,False,False,False,False,False,False,False,False,False,8807,-85,-7888,2.4665503199534644,8345.57142857143,278.85714285714283,8066.714285714285,-60.42857142857143,8068.642857142857,276.92857142857144,7791.714285714285,-68.71428571428571,379.47425313347355,1.5592105263157894,8249.5,True,False,,0
2023-05-02,167,326,213,8654,245,653,False,False,False,False,False,False,False,False,False,False,False,False,False,8980,-32,-7920,1.964346542522999,8508.42857142857,281.7142857142857,8226.714285714286,-53.714285714285715,8132.357142857143,285.07142857142856,7847.285714285715,-63.714285714285715,451.09893288805904,1.1502347417840375,8249.5,True,False,,0
2023-05-03,209,353,232,8704,267,652,False,False,False,False,False,False,False,False,False,False,False,False,False,9057,-35,-7955,0.8574610244988845,8641.42857142857,285.0,8356.42857142857,-60.0,8207.214285714286,295.0,7912.214285714285,-52.142857142857146,511.90972439880835,1.1508620689655173,8249.5,True,False,,0
2023-05-04,153,253,286,8790,332,651,False,False,False,False,False,False,False,False,True,False,True,True,False,9043,-46,-8001,-0.15457657060836683,8755.142857142857,288.2857142857143,8466.857142857143,-72.28571428571429,8305.785714285714,292.85714285714283,8012.928571428572,-49.714285714285715,531.5442204010459,1.1608391608391608,8249.5,True,False,,0
2023-05-07,180,337,219,8485,375,650,False,False,False,False,False,False,False,False,False,False,False,False,False,8822,-156,-8157,-2.4438792436138446,8820.857142857143,301.42857142857144,8519.42857142857,-80.85714285714286,8390.142857142857,295.7142857142857,8094.428571428572,-57.142857142857146,511.251986212856,1.7123287671232876,8249.5,True,False,,0
2023-05-08,133,287,189,8590,261,649,False,False,False,False,False,False,False,False,False,False,False,False,False,8877,-72,-8229,0.6234413965087171,8883.0,302.0,8581.0,-76.57142857142857,8477.92857142857,296.7857142857143,8181.142857142857,-60.857142857142854,478.4821296053225,1.380952380952381,8249.5,True,False,,0
2023-05-09,187,310,247,8606,250,648,False,False,False,False,False,False,False,False,False,False,False,False,False,8916,-3,-8232,0.4393376140588101,8928.857142857143,311.57142857142856,8617.285714285714,-61.285714285714285,8563.142857142857,292.7142857142857,8270.42857142857,-60.714285714285715,438.2320876400521,1.0121457489878543,8249.5,True,False,,0
2023-05-10,168,285,210,8681,304,647,False,False,False,False,False,False,False,False,False,False,False,False,False,8966,-94,-8326,0.56078959174517,8951.57142857143,307.2857142857143,8644.285714285714,-62.57142857142857,8648.57142857143,293.07142857142856,8355.5,-61.5,385.0735622600485,1.4476190476190476,8249.5,True,False,,0
2023-05-11,269,412,204,8672,392,646,False,False,False,False,False,False,False,False,False,False,False,False,False,9084,-188,-8514,1.3160829801472262,8966.42857142857,319.57142857142856,8646.857142857143,-84.85714285714286,8737.42857142857,300.64285714285717,8436.785714285714,-69.28571428571429,322.60161530562226,1.9215686274509804,8249.5,True,False,,0
2023-05-14,100,255,236,8445,288,645,False,False,False,False,False,False,False,False,False,False,False,False,False,8700,-52,-8566,-4.227212681638049,8915.42857142857,305.57142857142856,8609.857142857143,-87.28571428571429,8778.42857142857,295.2857142857143,8483.142857142857,-73.64285714285714,271.3152337115451,1.2203389830508475,8249.5,True,False,,0
2023-05-15,205,294,177,8571,277,644,False,False,False,False,False,False,False,False,False,False,False,False,False,8865,-100,-8666,1.8965517241379404,8890.0,311.42857142857144,8578.57142857143,-95.0,8822.57142857143,299.85714285714283,8522.714285714286,-83.64285714285714,224.4229229638594,1.5649717514124293,8249.5,True,False,,0
2023-05-16,161,304,211,8572,272,643,False,False,False,False,False,False,False,False,False,False,False,False,False,8876,-61,-8727,0.12408347433727762,8897.714285714286,306.7142857142857,8591.0,-81.42857142857143,8859.285714285714,304.07142857142856,8555.214285714286,-81.14285714285714,181.15247660524423,1.2890995260663507,8249.5,True,False,,0
2023-05-17,57,162,193,8569,307,642,False,False,False,False,False,False,False,False,True,False,True,True,False,8731,-114,-8841,-1.6336187471834185,8876.857142857143,288.85714285714283,8588.0,-87.42857142857143,8879.92857142857,295.42857142857144,8584.5,-82.0,142.22812893142589,1.5906735751295338,8249.5,True,False,,0
2023-05-18,80,122,152,8474,351,641,False,False,False,False,False,False,False,False,True,False,True,True,False,8596,-199,-9040,-1.5462146374985664,8831.142857142857,262.0,8569.142857142857,-115.42857142857143,8880.0,286.7857142857143,8593.214285714286,-88.35714285714286,142.07419513434007,2.3092105263157894,8249.5,True,False,,0
2023-05-21,107,170,133,7826,343,640,False,False,False,False,False,False,False,False,False,False,False,False,False,7996,-210,-9250,-6.979990693345739,8692.57142857143,245.57142857142858,8447.0,-132.0,8822.07142857143,276.42857142857144,8545.642857142857,-97.28571428571429,276.1762158437907,2.5789473684210527,8249.5,False,False,,0
2023-05-22,99,156,139,7848,240,639,False,False,False,False,False,False,False,False,False,False,False,False,False,8004,-101,-9351,0.10005002501249916,8538.285714285714,209.0,8329.285714285714,-119.57142857142857,8752.357142857143,264.2857142857143,8488.07142857143,-102.21428571428571,347.27634909011135,1.7266187050359711,8249.5,False,False,,0
2023-05-23,25,66,94,7788,246,638,False,False,False,False,False,False,False,False,True,False,True,True,False,7854,-152,-9503,-1.874062968515744,8417.42857142857,182.0,8235.42857142857,-133.85714285714286,8666.42857142857,243.78571428571428,8422.642857142857,-110.57142857142857,409.3782742508036,2.617021276595745,8249.5,False,False,,0
2023-05-24,35,70,53,7709,276,637,False,False,False,False,False,False,False,False,False,False,False,False,False,7779,-223,-9726,-0.9549274255156615,8262.285714285714,150.0,8112.285714285715,-151.42857142857142,8576.142857142857,230.71428571428572,8345.42857142857,-123.21428571428571,456.59944693905413,5.2075471698113205,8249.5,False,False,,0
2023-05-25,43,73,64,7546,408,636,False,False,False,False,False,False,False,False,False,False,False,False,False,7619,-344,-10070,-2.056819642627583,8082.714285714285,117.0,7965.714285714285,-191.85714285714286,8490.214285714286,211.85714285714286,8278.357142857143,-136.64285714285714,516.0936376832584,6.375,8249.5,False,False,,0
2023-05-29,41,60,71,6996,207,635,False,False,False,False,False,False,False,False,True,False,True,True,False,7056,-136,-10206,-7.389421183882394,7843.428571428572,102.42857142857143,7741.0,-195.0,8360.142857142857,195.64285714285714,8164.5,-141.21428571428572,628.3734628317819,2.915492957746479,8249.5,False,False,,0
2023-05-30,65,83,65,7046,168,634,False,False,False,False,False,False,False,False,False,False,False,False,False,7129,-103,-10309,1.0345804988662222,7633.857142857143,96.85714285714286,7537.0,-181.28571428571428,8232.5,179.42857142857142,8053.071428571428,-148.35714285714286,685.6624814451604,2.5846153846153848,8249.5,False,False,,0
2023-05-31,38,80,82,7053,210,633,False,False,False,False,False,False,False,False,True,False,True,True,False,7133,-128,-10437,0.05610885117126596,7510.571428571428,84.0,7426.571428571428,-169.57142857142858,8101.571428571428,164.78571428571428,7936.785714285715,-150.78571428571428,709.4209680366848,2.5609756097560976,8249.5,False,False,,0
2023-06-01,56,82,68,7002,287,632,False,False,False,False,False,False,False,False,False,False,False,False,False,7084,-219,-10656,-0.6869479882237517,7379.142857142857,73.42857142857143,7305.714285714285,-186.42857142857142,7958.714285714285,141.21428571428572,7817.5,-153.0,697.6436635695037,4.220588235294118,8249.5,False,False,,0
2023-06-04,74,103,80,6555,292,631,False,False,False,False,False,False,False,False,False,False,False,False,False,6658,-212,-10868,-6.013551665725581,7208.285714285715,78.71428571428571,7129.571428571428,-195.0,7812.857142857143,130.35714285714286,7682.5,-164.42857142857142,742.744376479019,3.65,8249.5,False,False,,0
2023-06-05,68,107,102,6523,189,630,False,False,False,False,False,False,False,False,False,False,False,False,False,6630,-87,-10955,-0.4205467107239458,7044.142857142857,84.0,6960.142857142857,-175.57142857142858,7653.214285714285,117.0,7536.214285714285,-163.5,739.3887473989705,1.8529411764705883,8249.5,False,False,,0
2023-06-06,92,124,93,6508,187,629,False,False,False,False,False,False,False,False,False,False,False,False,False,6632,-94,-11049,0.030165912518853588,6903.142857142857,91.28571428571429,6811.857142857143,-139.85714285714286,7492.928571428572,104.14285714285714,7388.785714285715,-165.85714285714286,695.8689602864245,2.010752688172043,8249.5,False,False,,0
2023-06-07,113,162,107,6483,208,628,False,False,False,False,False,False,False,False,False,False,False,False,False,6645,-101,-11150,0.19601930036188264,6844.428571428572,105.85714285714286,6738.571428571428,-134.85714285714286,7343.928571428572,104.14285714285714,7239.785714285715,-164.92857142857142,630.6519781800558,1.9439252336448598,8249.5,False,False,,0
2023-06-08,106,196,131,6446,255,627,False,False,False,False,False,False,False,False,False,False,False,False,False,6642,-124,-11274,-0.04514672686229959,6774.857142857143,122.0,6652.857142857143,-137.85714285714286,7204.357142857143,109.42857142857143,7094.928571428572,-159.57142857142858,542.2661292622429,1.9465648854961832,8249.5,False,False,,0
2023-06-11,86,152,168,6007,238,626,False,False,False,False,False,False,False,False,True,False,True,True,False,6159,-70,-11344,-7.271906052393861,6635.714285714285,132.28571428571428,6503.428571428572,-129.57142857142858,7073.142857142857,108.14285714285714,6965.0,-149.57142857142858,557.9988774654914,1.4166666666666667,8249.5,False,False,,0
2023-06-12,84,118,136,6021,177,625,False,False,False,False,False,False,False,False,True,False,True,True,False,6139,-41,-11385,-0.32472804026627555,6500.714285714285,137.42857142857142,6363.285714285715,-104.14285714285714,6939.928571428572,105.42857142857143,6834.5,-145.28571428571428,541.038810535341,1.3014705882352942,8249.5,False,False,,0
2023-06-13,59,64,117,6061,146,624,False,False,False,False,False,False,False,False,True,False,True,True,False,6125,-29,-11414,-0.22805017103763037,6424.571428571428,131.85714285714286,6292.714285714285,-78.0,6816.428571428572,105.28571428571429,6711.142857142857,-136.5,512.943948697611,1.2478632478632479,8249.5,False,False,,0
2023-06-14,62,97,52,6065,167,623,False,False,False,False,False,False,False,False,False,False,False,False,False,6162,-115,-11529,0.604081632653064,6357.714285714285,130.42857142857142,6227.285714285715,-82.0,6700.928571428572,107.21428571428571,6593.714285714285,-128.78571428571428,458.71215447091026,3.2115384615384617,8249.5,False,False,,0
2023-06-15,91,75,97,6038,272,622,False,False,False,False,False,False,False,False,True,False,True,True,False,6113,-175,-11704,-0.7951963648166194,6283.571428571428,123.42857142857143,6160.142857142857,-93.57142857142857,6593.357142857143,107.35714285714286,6486.0,-116.71428571428571,399.6364900454267,2.804123711340206,8249.5,False,False,,0
2023-06-19,29,51,11,5679,142,621,False,False,False,False,False,False,False,False,False,False,False,False,False,5730,-131,-11835,-6.265336168820546,6152.857142857143,107.57142857142857,6045.285714285715,-97.85714285714286,6498.642857142857,106.71428571428571,6391.928571428572,-116.35714285714286,436.94544759709885,12.909090909090908,8249.5,False,False,,0
2023-06-20,33,53,34,5904,134,620,False,False,False,False,False,False,False,False,False,False,False,False,False,5957,-100,-11935,3.961605584642225,6055.0,87.14285714285714,5967.857142857143,-94.42857142857143,6414.928571428572,104.57142857142857,6310.357142857143,-116.14285714285714,418.7794470538528,3.9411764705882355,8249.5,False,False,,0
2023-06-21,93,196,169,5922,149,619,False,False,False,False,False,False,False,False,False,False,False,False,False,6118,20,-11915,2.7027027027026973,6049.142857142857,93.42857142857143,5955.714285714285,-81.57142857142857,6342.428571428572,112.85714285714286,6229.571428571428,-105.57142857142857,369.91094859454444,0.8816568047337278,8249.5,False,False,7,1
2023-06-22,124,234,161,5956,207,618,False,False,False,False,False,False,False,False,False,False,False,False,False,6190,-46,-11961,1.1768551814318462,6056.428571428572,110.0,5946.428571428572,-82.28571428571429,6278.571428571428,123.71428571428571,6154.857142857143,-93.21428571428571,303.19597985100074,1.2857142857142858,8249.5,False,False,,0
2023-06-25,92,203,173,5766,263,617,False,False,False,False,False,False,False,False,False,False,False,False,False,5969,-90,-12051,-3.5702746365104954,6034.142857142857,129.85714285714286,5904.285714285715,-91.0,6229.357142857143,130.85714285714286,6098.5,-84.5,292.60385589312233,1.5202312138728324,8249.5,False,False,,0
2023-06-26,186,259,172,5819,174,616,False,False,False,False,False,False,False,False,False,False,False,False,False,6078,-2,-12053,1.8261015245434775,6022.142857142857,153.0,5869.142857142857,-74.85714285714286,6189.928571428572,141.71428571428572,6048.214285714285,-78.42857142857143,270.8463840191901,1.0116279069767442,8249.5,False,False,,0
2023-06-27,154,225,220,5917,155,615,False,False,False,False,False,False,False,False,False,False,False,False,False,6142,65,-11988,1.0529779532741035,6026.285714285715,174.42857142857142,5851.857142857143,-40.57142857142857,6154.928571428572,148.92857142857142,6006.0,-67.07142857142857,239.12837372609337,0.7045454545454546,8249.5,False,False,9,1
2023-06-28,91,199,172,5999,174,614,False,False,False,False,False,False,False,False,False,False,False,False,False,6198,-2,-11990,0.9117551286226044,6093.142857142857,195.57142857142858,5897.571428571428,-22.142857142857142,6123.0,151.57142857142858,5971.428571428572,-60.0,194.30032265702144,1.0116279069767442,8249.5,False,False,,0
2023-06-29,81,213,153,6058,213,613,False,False,False,False,False,False,False,False,False,False,False,False,False,6271,-60,-12050,1.177799290093584,6138.0,218.42857142857142,5919.571428571428,-16.428571428571427,6096.5,152.78571428571428,5943.714285714285,-55.42857142857143,134.01937288205653,1.392156862745098,8249.5,False,False,,0
2023-07-02,209,285,184,5903,309,612,False,False,False,False,False,False,False,False,False,False,False,False,False,6188,-125,-12175,-1.3235528623823933,6148.0,231.14285714285714,5916.857142857143,-37.142857142857146,6098.571428571428,162.28571428571428,5936.285714285715,-59.357142857142854,135.2778987496379,1.6793478260869565,8249.5,False,False,,0
2023-07-04,184,314,217,6127,124,611,False,False,False,False,False,False,False,False,False,False,False,False,False,6441,93,-12082,4.088558500323214,6183.857142857143,242.57142857142858,5941.285714285715,-17.285714285714285,6120.142857142857,176.28571428571428,5943.857142857143,-49.785714285714285,163.38009347855763,0.5714285714285714,8249.5,False,False,11,2
2023-07-05,107,215,230,6193,167,610,False,False,False,False,False,False,False,False,True,False,True,True,False,6408,63,-12019,-0.5123428039124356,6246.571428571428,244.28571428571428,6002.285714285715,4.571428571428571,6140.357142857143,187.07142857142858,5953.285714285715,-43.214285714285715,180.62439018492913,0.7260869565217392,8249.5,False,False,11,2
2023-07-06,101,162,178,6239,205,609,False,False,False,False,False,False,False,False,True,False,True,True,False,6401,-27,-12046,-0.10923845193507864,6292.714285714285,230.42857142857142,6062.285714285715,1.0,6157.428571428572,191.71428571428572,5965.714285714285,-36.92857142857143,193.65183440143306,1.151685393258427,8249.5,False,False,,0
2023-07-09,99,190,176,6214,196,608,False,False,False,False,False,False,False,False,False,False,False,False,False,6404,-20,-12066,0.04686767692547722,6330.142857142857,225.42857142857142,6104.714285714285,-11.142857142857142,6178.214285714285,199.92857142857142,5978.285714285715,-25.857142857142858,203.8642755785079,1.1136363636363635,8249.5,False,False,,0
2023-07-10,167,239,166,6346,163,607,False,False,False,False,False,False,False,False,False,False,False,False,False,6585,3,-12063,2.826358525921302,6385.428571428572,231.14285714285714,6154.285714285715,-10.428571428571429,6239.285714285715,213.35714285714286,6025.928571428572,-16.285714285714285,186.59929448768884,0.9819277108433735,8249.5,False,False,13,2
2023-07-11,115,216,169,6498,143,606,False,False,False,False,False,False,False,False,False,False,False,False,False,6714,26,-12037,1.9589977220956678,6448.714285714285,231.57142857142858,6217.142857142857,1.8571428571428572,6293.357142857143,225.0,6068.357142857143,-7.285714285714286,207.0650611775094,0.8461538461538461,8249.5,False,False,13,2
2023-07-12,84,158,193,6521,210,605,False,False,False,False,False,False,False,False,True,False,True,True,False,6679,-17,-12054,-0.5212987786714307,6518.857142857143,213.42857142857142,6305.428571428572,17.285714285714285,6333.428571428572,222.28571428571428,6111.142857142857,-9.928571428571429,224.10118397578034,1.0880829015544042,8249.5,False,False,,0
2023-07-13,130,227,192,6604,226,604,False,False,False,False,False,False,False,False,False,False,False,False,False,6831,-34,-12088,2.2757897888905587,6574.571428571428,201.0,6373.571428571428,-0.8571428571428571,6379.214285714285,221.78571428571428,6157.428571428572,-9.071428571428571,255.78451825750787,1.1770833333333333,8249.5,False,False,,0
2023-07-16,88,214,160,6468,218,603,False,False,False,False,False,False,False,False,False,False,False,False,False,6682,-58,-12146,-2.1812326160152273,6613.714285714285,200.85714285714286,6412.857142857143,-18.142857142857142,6430.142857142857,222.57142857142858,6207.571428571428,-6.785714285714286,238.20251795571934,1.3625,8249.5,False,False,,0
2023-07-17,113,208,159,6632,160,602,False,False,False,False,False,False,False,False,False,False,False,False,False,6840,-1,-12147,2.3645615085303717,6676.428571428572,207.42857142857142,6469.0,-14.428571428571429,6484.571428571428,218.92857142857142,6265.642857142857,-6.714285714285714,238.60643949197555,1.0062893081761006,8249.5,False,False,,0
2023-07-18,174,285,150,6874,181,601,False,False,False,False,False,False,False,False,False,False,False,False,False,7159,-31,-12178,4.66374269005847,6784.285714285715,221.0,6563.285714285715,-16.0,6557.214285714285,223.21428571428572,6334.0,-13.571428571428571,277.86969236329145,1.2066666666666668,8249.5,False,False,,0
2023-07-19,104,230,206,7001,226,600,False,False,False,False,False,False,False,False,False,False,False,False,False,7231,-20,-12198,1.005727056851513,6876.571428571428,219.71428571428572,6656.857142857143,-19.285714285714285,6631.0,225.42857142857142,6405.571428571428,-14.857142857142858,310.3945380169778,1.0970873786407767,8249.5,False,False,,0
2023-07-20,147,276,214,7116,281,599,False,False,False,False,False,False,False,False,False,False,False,False,False,7392,-67,-12265,2.2265246853823806,6973.428571428572,228.28571428571428,6745.142857142857,-32.57142857142857,6711.071428571428,229.92857142857142,6481.142857142857,-15.357142857142858,352.1628697253448,1.3130841121495327,8249.5,False,False,,0
2023-07-23,108,220,213,7052,276,598,False,False,False,False,False,False,False,False,False,False,False,False,False,7272,-63,-12328,-1.6233766233766267,7058.142857142857,237.14285714285714,6821.0,-39.142857142857146,6788.5,225.28571428571428,6563.214285714285,-10.928571428571429,347.4464540926291,1.295774647887324,8249.5,False,False,,0
2023-07-24,180,280,146,7220,187,597,False,False,False,False,False,False,False,False,False,False,False,False,False,7500,-41,-12369,3.1353135313531455,7153.714285714285,244.71428571428572,6909.0,-40.142857142857146,6864.142857142857,222.85714285714286,6641.285714285715,-20.5,379.7486733947302,1.2808219178082192,8249.5,False,False,,0
2023-07-25,134,294,186,7510,136,596,False,False,False,False,False,False,False,False,False,False,False,False,False,7804,50,-12319,4.053333333333331,7314.0,256.14285714285717,7057.857142857143,-24.714285714285715,6963.857142857143,228.5,6735.357142857143,-21.428571428571427,430.63296117778674,0.7311827956989247,8249.5,False,False,15,1
2023-07-26,202,313,158,7647,215,595,False,False,False,False,False,False,False,False,False,False,False,False,False,7960,-57,-12376,1.9989748846745314,7474.0,271.14285714285717,7202.857142857143,-32.714285714285715,7075.214285714285,239.28571428571428,6835.928571428572,-23.571428571428573,473.34069346287276,1.360759493670886,8249.5,False,False,,0
2023-07-27,110,272,193,7754,259,594,False,False,False,False,False,False,False,False,False,False,False,False,False,8026,-66,-12442,0.8291457286432102,7597.857142857143,269.2857142857143,7328.571428571428,-37.714285714285715,7191.071428571428,245.14285714285714,6945.928571428572,-26.857142857142858,494.4470826917862,1.3419689119170986,8249.5,False,False,,0
2023-07-30,166,277,229,7671,305,593,False,False,False,False,False,False,False,False,False,False,False,False,False,7948,-76,-12518,-0.9718415150759996,7700.285714285715,276.0,7424.285714285715,-45.714285714285715,7288.428571428572,247.85714285714286,7040.571428571428,-32.5,500.08717921297153,1.331877729257642,8249.5,False,False,,0
2023-07-31,136,276,178,7800,220,592,False,False,False,False,False,False,False,False,False,False,False,False,False,8076,-42,-12560,1.610468042274782,7798.0,276.0,7522.0,-42.142857142857146,7385.714285714285,252.14285714285714,7133.571428571428,-37.357142857142854,512.0795353745841,1.2359550561797752,8249.5,False,False,,0
2023-08-01,87,246,173,8103,168,591,False,False,False,False,False,False,False,False,False,False,False,False,False,8349,5,-12555,3.3803863298662806,7951.857142857143,279.7142857142857,7672.142857142857,-32.42857142857143,7505.0,258.42857142857144,7246.571428571428,-35.785714285714285,529.0192667714318,0.9710982658959537,8249.5,True,False,17,1
2023-08-02,84,171,157,8261,271,590,False,False,False,False,False,False,False,False,False,False,False,False,False,8432,-114,-12669,0.9941310336567311,8085.0,264.14285714285717,7820.857142857143,-42.857142857142854,7619.357142857143,254.42857142857142,7364.928571428572,-41.5,544.9181458845758,1.7261146496815287,8249.5,True,False,,0
2023-08-03,167,209,157,8294,339,589,False,False,False,False,False,False,False,False,False,False,False,False,False,8503,-182,-12851,0.8420303605312984,8184.857142857143,252.0,7932.857142857143,-76.0,7749.428571428572,254.07142857142858,7495.357142857143,-50.357142857142854,520.7606440118584,2.159235668789809,8249.5,True,False,,0
2023-08-06,109,245,159,8298,322,588,False,False,False,False,False,False,False,False,False,False,False,False,False,8543,-163,-13014,0.4704222039280337,8268.142857142857,242.28571428571428,8025.857142857143,-91.14285714285714,7871.071428571428,256.7142857142857,7614.357142857143,-61.92857142857143,489.97872234582263,2.0251572327044025,8249.5,True,False,,0
2023-08-07,156,256,176,8493,202,587,False,False,False,False,False,False,False,False,False,False,False,False,False,8749,-26,-13040,2.4113309141987616,8371.42857142857,240.0,8131.428571428572,-85.42857142857143,7984.642857142857,254.64285714285714,7730.0,-61.57142857142857,496.46157294053376,1.1477272727272727,8249.5,True,False,,0
2023-08-08,125,232,192,8725,207,586,False,False,False,False,False,False,False,False,False,False,False,False,False,8957,-15,-13055,2.3774145616641817,8515.57142857143,233.57142857142858,8282.0,-76.71428571428571,8107.928571428572,254.78571428571428,7853.142857142857,-61.214285714285715,509.0619524464247,1.078125,8249.5,True,False,,0
2023-08-09,118,139,168,8888,251,585,False,False,False,False,False,False,False,False,True,False,True,True,False,9027,-83,-13138,0.7815116668527411,8651.42857142857,214.0,8437.42857142857,-82.57142857142857,8224.714285714286,245.0,7979.714285714285,-62.357142857142854,519.620190963685,1.494047619047619,8249.5,True,False,,0
2023-08-10,142,235,139,8914,353,584,False,False,False,False,False,False,False,False,False,False,False,False,False,9149,-214,-13352,1.3515010523983628,8765.714285714286,212.42857142857142,8553.285714285714,-113.85714285714286,8358.785714285714,246.07142857142858,8112.714285714285,-73.14285714285714,496.53060616354304,2.539568345323741,8249.5,True,False,,0
2023-08-16,148,245,175,9634,288,583,False,False,False,False,False,False,False,False,False,False,False,False,False,9879,-113,-13465,7.979014099901627,8972.42857142857,223.0,8749.42857142857,-113.71428571428571,8528.714285714286,243.57142857142858,8285.142857142857,-78.28571428571429,580.0751182882559,1.6457142857142857,8249.5,True,False,,0
2023-08-17,119,219,210,9694,407,582,False,False,False,False,False,False,False,False,False,False,False,False,False,9913,-197,-13662,0.34416438910820357,9173.857142857143,224.42857142857142,8949.42857142857,-115.85714285714286,8679.357142857143,238.21428571428572,8441.142857142857,-95.92857142857143,647.3414991204461,1.938095238095238,8249.5,True,False,,0
2023-08-20,105,210,149,9483,390,581,False,False,False,False,False,False,False,False,False,False,False,False,False,9693,-241,-13903,-2.219307979420959,9338.142857142857,219.42857142857142,9118.714285714286,-127.0,8803.142857142857,230.85714285714286,8572.285714285714,-109.07142857142857,664.6653127867942,2.61744966442953,8249.5,True,False,,0
2023-08-21,143,203,163,9668,281,580,False,False,False,False,False,False,False,False,False,False,False,False,False,9871,-118,-14021,1.8363767667388897,9498.42857142857,211.85714285714286,9286.57142857143,-140.14285714285714,8934.92857142857,225.92857142857142,8709.0,-112.78571428571429,681.4217562494597,1.7239263803680982,8249.5,True,False,,0
2023-08-22,119,209,152,9921,230,579,False,False,False,False,False,False,False,False,False,False,False,False,False,10130,-78,-14099,2.623847634484844,9666.0,208.57142857142858,9457.42857142857,-149.14285714285714,9090.785714285714,221.07142857142858,8869.714285714286,-112.92857142857143,687.831059151921,1.513157894736842,8249.5,True,False,,0
2023-08-23,155,212,181,10071,285,578,False,False,False,False,False,False,False,False,False,False,False,False,False,10283,-104,-14203,1.5103652517275412,9845.42857142857,219.0,9626.42857142857,-152.14285714285714,9248.42857142857,216.5,9031.92857142857,-117.35714285714286,690.2684777885763,1.574585635359116,8249.5,True,False,,0
2023-08-24,109,214,173,10026,443,577,False,False,False,False,False,False,False,False,False,False,False,False,False,10240,-270,-14473,-0.41816590489156535,10001.285714285714,216.0,9785.285714285714,-160.14285714285714,9383.5,214.21428571428572,9169.285714285714,-137.0,685.730351803536,2.560693641618497,8249.5,True,False,,0
2023-08-27,191,283,192,9873,488,576,False,False,False,False,False,False,False,False,False,False,False,False,False,10156,-296,-14769,-0.8203124999999978,10040.857142857143,221.42857142857142,9819.42857142857,-186.28571428571428,9506.642857142857,222.21428571428572,9284.42857142857,-150.0,655.8638000193401,2.5416666666666665,8249.5,True,False,,0
2023-08-28,170,297,196,10012,388,575,False,False,False,False,False,False,False,False,False,False,False,False,False,10309,-192,-14961,1.5064986215045373,10097.42857142857,232.57142857142858,9864.857142857143,-185.57142857142858,9635.642857142857,228.5,9407.142857142857,-150.71428571428572,619.8975854796503,1.9795918367346939,8249.5,True,False,,0
2023-08-29,152,272,214,10180,286,574,False,False,False,False,False,False,False,False,False,False,False,False,False,10452,-72,-15033,1.387137452711218,10205.857142857143,241.42857142857142,9964.42857142857,-161.42857142857142,9772.0,230.42857142857142,9541.57142857143,-144.21428571428572,568.9270603513096,1.3364485981308412,8249.5,True,False,,0
2023-08-30,239,367,224,10280,366,573,False,False,False,False,False,False,False,False,False,False,False,False,False,10647,-142,-15175,1.8656716417910557,10316.714285714286,264.85714285714283,10051.857142857143,-164.85714285714286,9907.57142857143,238.35714285714286,9669.214285714286,-152.5,531.2970651420474,1.6339285714285714,8249.5,True,False,,0
2023-08-31,113,280,237,10140,505,572,False,False,False,False,False,False,False,False,False,False,False,False,False,10420,-268,-15443,-2.1320559782098236,10358.142857142857,275.0,10083.142857142857,-192.0,10012.07142857143,241.78571428571428,9770.285714285714,-170.57142857142858,470.3279484794198,2.130801687763713,8249.5,True,False,,0
2023-09-04,196,306,187,9988,293,571,False,False,False,False,False,False,False,False,False,False,False,False,False,10294,-106,-15549,-1.2092130518234212,10359.714285714286,288.42857142857144,10071.285714285714,-192.28571428571428,10102.57142857143,253.71428571428572,9848.857142857143,-172.21428571428572,379.2871277471792,1.5668449197860963,8249.5,True,False,,0
2023-09-05,236,330,222,10142,243,570,False,False,False,False,False,False,False,False,False,False,False,False,False,10472,-21,-15570,1.7291626190013565,10392.857142857143,305.0,10087.857142857143,-156.71428571428572,10197.07142857143,260.5,9936.57142857143,-158.42857142857142,273.4844853666157,1.0945945945945945,8249.5,True,False,,0
2023-09-06,81,230,242,10356,291,569,False,False,False,False,False,False,False,False,True,False,True,True,False,10586,-49,-15619,1.0886172650878434,10454.285714285714,297.42857142857144,10156.857142857143,-121.42857142857143,10247.57142857143,259.42857142857144,9988.142857142857,-153.85714285714286,275.5011417777747,1.2024793388429753,8249.5,True,False,,0
2023-09-07,118,245,160,10419,398,568,False,False,False,False,False,False,False,False,False,False,False,False,False,10664,-238,-15857,0.7368222180238027,10505.0,290.0,10215.0,-128.0,10301.214285714286,261.2857142857143,10039.92857142857,-156.78571428571428,278.4435251595458,2.4875,8249.5,True,False,,0
2023-09-10,218,283,208,10282,382,567,False,False,False,False,False,False,False,False,False,False,False,False,False,10565,-174,-16031,-0.9283570892723136,10521.142857142857,291.57142857142856,10229.57142857143,-142.57142857142858,10363.5,266.5,10097.0,-152.0,224.16434561752067,1.8365384615384615,8249.5,True,False,,0
2023-09-11,132,243,183,10492,277,566,False,False,False,False,False,False,False,False,False,False,False,False,False,10735,-94,-16125,1.6090866067203002,10533.714285714286,273.85714285714283,10259.857142857143,-135.71428571428572,10425.214285714286,269.35714285714283,10155.857142857143,-150.28571428571428,195.2080462446624,1.5136612021857923,8249.5,True,False,,0
2023-09-12,224,315,152,10649,316,565,False,False,False,False,False,False,False,False,False,False,False,False,False,10964,-164,-16289,2.133209129017244,10611.42857142857,278.85714285714283,10332.57142857143,-120.85714285714286,10484.785714285714,276.92857142857144,10207.857142857143,-156.42857142857142,223.40655543418006,2.0789473684210527,8249.5,True,False,,0
2023-09-13,167,326,213,10678,343,564,False,False,False,False,False,False,False,False,False,False,False,False,False,11004,-130,-16419,0.36483035388543694,10712.857142857143,281.7142857142857,10431.142857142857,-124.28571428571429,10536.285714285714,285.07142857142856,10251.214285714286,-158.28571428571428,254.28192366598248,1.6103286384976525,8249.5,True,False,,0
2023-09-14,209,353,232,10837,414,563,False,False,False,False,False,False,False,False,False,False,False,False,False,11190,-182,-16601,1.6902944383860419,10815.42857142857,285.0,10530.42857142857,-147.28571428571428,10604.142857142857,295.0,10309.142857142857,-152.0,292.9509954143538,1.7844827586206897,8249.5,True,False,,0
2023-09-17,153,253,286,10799,427,562,False,False,False,False,False,False,False,False,True,False,True,True,False,11052,-141,-16742,-1.2332439678284235,10882.0,288.2857142857143,10593.714285714286,-160.42857142857142,10668.142857142857,292.85714285714283,10375.285714285714,-140.92857142857142,285.2884794089849,1.493006993006993,8249.5,True,False,,0
2023-09-18,180,337,219,10892,313,561,False,False,False,False,False,False,False,False,False,False,False,False,False,11229,-94,-16836,1.601520086862096,10962.714285714286,301.42857142857144,10661.285714285714,-139.85714285714286,10733.857142857143,295.7142857142857,10438.142857142857,-133.92857142857142,301.6854850139553,1.4292237442922375,8249.5,True,False,,0
2023-09-19,133,287,189,11095,260,560,False,False,False,False,False,False,False,False,False,False,False,False,False,11382,-71,-16907,1.362543414373496,11079.42857142857,302.0,10777.42857142857,-125.14285714285714,10800.285714285714,296.7857142857143,10503.5,-133.85714285714286,335.35868939006673,1.3756613756613756,8249.5,True,False,,0
2023-09-20,187,310,247,11064,364,559,False,False,False,False,False,False,False,False,False,False,False,False,False,11374,-117,-17024,-0.07028641714988959,11170.714285714286,311.57142857142856,10859.142857142857,-128.42857142857142,10852.214285714286,292.7142857142857,10559.5,-132.07142857142858,364.7918644865539,1.4736842105263157,8249.5,True,False,,0
2023-09-21,168,285,210,11067,428,558,False,False,False,False,False,False,False,False,False,False,False,False,False,11352,-218,-17242,-0.19342359767892114,11226.142857142857,307.2857142857143,10918.857142857143,-136.14285714285714,10918.785714285714,293.07142857142856,10625.714285714286,-128.5,364.89011592980637,2.038095238095238,8249.5,True,False,,0
2023-09-24,269,412,204,10744,403,557,False,False,False,False,False,False,False,False,False,False,False,False,False,11156,-199,-17441,-1.7265680056377741,11247.857142857143,319.57142857142856,10928.285714285714,-146.0,10980.357142857143,300.64285714285717,10679.714285714286,-135.14285714285714,321.50143130263086,1.9754901960784315,8249.5,True,False,,0
2023-09-25,100,255,236,10842,284,556,False,False,False,False,False,False,False,False,False,False,False,False,False,11097,-48,-17489,-0.5288633918967389,11234.57142857143,305.57142857142856,10929.0,-126.85714285714286,11025.0,295.2857142857143,10729.714285714286,-137.07142857142858,287.02693521415506,1.2033898305084745,8249.5,True,False,,0
2023-09-26,205,294,177,10978,332,555,False,False,False,False,False,False,False,False,False,False,False,False,False,11272,-155,-17644,1.5770027935477993,11266.0,311.42857142857144,10954.57142857143,-128.85714285714286,11074.0,299.85714285714283,10774.142857142857,-144.64285714285714,263.94521576085714,1.8757062146892656,8249.5,True,False,,0
2023-09-27,161,304,211,11017,331,554,False,False,False,False,False,False,False,False,False,False,False,False,False,11321,-120,-17764,0.434705464868701,11279.142857142857,306.7142857142857,10972.42857142857,-132.57142857142858,11120.92857142857,304.07142857142856,10816.857142857143,-136.21428571428572,243.01771517746934,1.5687203791469195,8249.5,True,False,,0
2023-09-28,57,162,193,10984,447,553,False,False,False,False,False,False,False,False,True,False,True,True,False,11146,-254,-18018,-1.545799841003448,11245.42857142857,288.85714285714283,10956.57142857143,-158.71428571428572,11162.42857142857,295.42857142857144,10867.0,-141.92857142857142,182.96898193851155,2.316062176165803,8249.5,True,False,,0
2023-10-01,80,122,152,10598,493,552,False,False,False,False,False,False,False,False,True,False,True,True,False,10720,-341,-18359,-3.8219989233805873,11152.0,262.0,10890.0,-190.71428571428572,11161.357142857143,286.7857142857143,10874.57142857143,-159.57142857142858,185.68816172971395,3.2434210526315788,8249.5,True,False,,0
2023-10-02,107,170,133,10724,284,551,False,False,False,False,False,False,False,False,False,False,False,False,False,10894,-151,-18510,1.6231343283582111,11086.57142857143,245.57142857142858,10841.0,-181.14285714285714,11156.357142857143,276.42857142857144,10879.92857142857,-158.64285714285714,192.2380764103332,2.1353383458646618,8249.5,True,False,,0
2023-10-03,99,156,139,10818,287,550,False,False,False,False,False,False,False,False,False,False,False,False,False,10974,-148,-18658,0.7343491830365423,11060.57142857143,209.0,10851.57142857143,-173.85714285714286,11154.214285714286,264.2857142857143,10889.92857142857,-159.92857142857142,194.22397006913866,2.064748201438849,8249.5,True,False,,0
2023-10-04,25,66,94,10963,330,549,False,False,False,False,False,False,False,False,True,False,True,True,False,11029,-236,-18894,0.5011846181884438,11050.857142857143,182.0,10868.857142857143,-200.71428571428572,11142.714285714286,243.78571428571428,10898.92857142857,-163.78571428571428,196.69282125698751,3.5106382978723403,8249.5,True,False,,0
2023-10-05,35,70,53,11130,427,548,False,False,False,False,False,False,False,False,False,False,False,False,False,11200,-374,-19268,1.5504578837610028,11040.57142857143,150.0,10890.57142857143,-232.0,11153.285714285714,230.71428571428572,10922.57142857143,-180.42857142857142,195.41530865597505,8.056603773584905,8249.5,True,False,,0
2023-10-09,43,73,64,10815,282,547,False,False,False,False,False,False,False,False,False,False,False,False,False,10888,-218,-19486,-2.7857142857142803,10978.714285714286,117.0,10861.714285714286,-246.0,11128.92857142857,211.85714285714286,10917.07142857143,-189.28571428571428,206.20582110917277,4.40625,8249.5,True,False,,0
2023-10-10,41,60,71,10910,257,546,False,False,False,False,False,False,False,False,True,False,True,True,False,10970,-186,-19672,0.7531227038942045,10953.57142857143,102.42857142857143,10851.142857142857,-236.28571428571428,11099.5,195.64285714285714,10903.857142857143,-197.5,196.480474661084,3.619718309859155,8249.5,True,False,,0
2023-10-11,65,83,65,10960,266,545,False,False,False,False,False,False,False,False,False,False,False,False,False,11043,-201,-19873,0.6654512306289773,10999.714285714286,96.85714285714286,10902.857142857143,-216.28571428571428,11075.857142857143,179.42857142857142,10896.42857142857,-203.5,180.1443255335741,4.092307692307692,8249.5,True,False,,0
2023-10-12,38,80,82,10992,398,544,False,False,False,False,False,False,False,False,True,False,True,True,False,11072,-316,-20189,0.2626097980621189,11025.142857142857,84.0,10941.142857142857,-239.85714285714286,11055.857142857143,164.78571428571428,10891.07142857143,-210.5,161.73000156607287,4.853658536585366,8249.5,True,False,,0
2023-10-15,56,82,68,10571,434,543,False,False,False,False,False,False,False,False,False,False,False,False,False,10653,-366,-20555,-3.7843208092485536,10979.285714285714,73.42857142857143,10905.857142857143,-271.0,11019.92857142857,141.21428571428572,10878.714285714286,-222.42857142857142,190.99515269141617,6.382352941176471,8249.5,True,False,,0
2023-10-16,74,103,80,10629,331,542,False,False,False,False,False,False,False,False,False,False,False,False,False,10732,-251,-20806,0.7415751431521622,10936.857142857143,78.71428571428571,10858.142857142857,-273.14285714285717,10993.857142857143,130.35714285714286,10863.5,-236.92857142857142,204.12584999781888,4.1375,8249.5,True,False,,0
2023-10-17,68,107,102,10630,315,541,False,False,False,False,False,False,False,False,False,False,False,False,False,10737,-213,-21019,0.04658963846440045,10870.714285714286,84.0,10786.714285714286,-250.14285714285714,10955.642857142857,117.0,10838.642857142857,-241.07142857142858,198.03713992879923,3.088235294117647,8249.5,True,False,,0
2023-10-18,92,124,93,10511,393,540,False,False,False,False,False,False,False,False,False,False,False,False,False,10635,-300,-21319,-0.9499860296172113,10834.57142857143,91.28571428571429,10743.285714285714,-261.85714285714283,10906.642857142857,104.14285714285714,10802.5,-253.92857142857142,185.13097531733777,4.225806451612903,8249.5,True,False,,0
2023-10-19,113,162,107,10319,406,539,False,False,False,False,False,False,False,False,False,False,False,False,False,10481,-299,-21618,-1.4480488951574944,10764.714285714286,105.85714285714286,10658.857142857143,-278.0,10859.142857142857,104.14285714285714,10755.0,-257.14285714285717,203.40329667651045,3.794392523364486,8249.5,True,False,,0
2023-10-22,106,196,131,9506,454,538,False,False,False,False,False,False,False,False,False,False,False,False,False,9702,-323,-21941,-7.432496899150842,10573.142857142857,122.0,10451.142857142857,-295.42857142857144,10786.42857142857,109.42857142857143,10677.0,-255.85714285714286,370.3889253796994,3.4656488549618323,8249.5,True,False,,0
2023-10-23,86,152,168,9436,327,537,False,False,False,False,False,False,False,False,True,False,True,True,False,9588,-159,-22100,-1.1750154607297447,10361.142857142857,132.28571428571428,10228.857142857143,-273.0,10693.142857142857,108.14285714285714,10585.0,-256.42857142857144,487.24276955485993,1.9464285714285714,8249.5,True,False,,0
2023-10-24,84,118,136,9396,300,536,False,False,False,False,False,False,False,False,True,False,True,True,False,9514,-164,-22264,-0.7717980809345049,10198.42857142857,137.42857142857142,10061.0,-244.14285714285714,10588.857142857143,105.42857142857143,10483.42857142857,-257.57142857142856,571.4698803749848,2.2058823529411766,8249.5,True,False,,0
2023-10-25,59,64,117,9351,293,535,False,False,False,False,False,False,False,False,True,False,True,True,False,9415,-176,-22440,-1.0405717889426125,10010.285714285714,131.85714285714286,9878.42857142857,-233.42857142857142,10473.57142857143,105.28571428571429,10368.285714285714,-253.28571428571428,635.1048022886351,2.5042735042735043,8249.5,True,False,,0
2023-10-26,62,97,52,9235,390,534,False,False,False,False,False,False,False,False,False,False,False,False,False,9332,-338,-22778,-0.8815719596388716,9809.57142857143,130.42857142857142,9679.142857142857,-251.28571428571428,10340.142857142857,107.21428571428571,10232.92857142857,-250.71428571428572,666.2118925043768,7.5,8249.5,True,False,,0
2023-10-29,91,75,97,8925,418,533,False,False,False,False,False,False,False,False,True,False,True,True,False,9000,-321,-23099,-3.557651093013292,9576.0,123.42857142857143,9452.57142857143,-254.28571428571428,10205.285714285714,107.35714285714286,10097.92857142857,-258.07142857142856,734.3821504211015,4.309278350515464,8249.5,True,False,,0
2023-10-30,29,51,11,9026,278,532,False,False,False,False,False,False,False,False,False,False,False,False,False,9077,-267,-23366,0.855555555555565,9375.42857142857,107.57142857142857,9267.857142857143,-249.71428571428572,10070.07142857143,106.71428571428571,9963.357142857143,-263.85714285714283,756.6831939748205,25.272727272727273,8249.5,True,False,,0
2023-10-31,33,53,34,9072,295,531,False,False,False,False,False,False,False,False,False,False,False,False,False,9125,-261,-23627,0.5288090778891696,9293.0,87.14285714285714,9205.857142857143,-240.85714285714286,9933.07142857143,104.57142857142857,9828.5,-268.14285714285717,740.4368216216476,8.676470588235293,8249.5,True,False,,0
2023-11-01,132,235,197,9250,279,530,False,False,False,False,False,False,False,False,False,False,False,False,False,9485,-82,-23709,3.945205479452052,9278.285714285714,99.0,9179.285714285714,-229.85714285714286,9819.714285714286,115.64285714285714,9704.07142857143,-251.42857142857142,670.8730739258084,1.416243654822335,8249.5,True,False,,0
2023-11-02,174,208,256,9442,330,529,False,False,False,False,False,False,False,False,True,False,True,True,False,9650,-74,-23783,1.7395888244596813,9297.714285714286,111.85714285714286,9185.857142857143,-217.0,9748.07142857143,124.64285714285714,9623.42857142857,-230.57142857142858,627.1730793238448,1.2890625,8249.5,True,False,,0
2023-11-05,123,230,167,9273,370,528,False,False,False,False,False,False,False,False,False,False,False,False,False,9503,-203,-23986,-1.523316062176161,9310.285714285714,135.57142857142858,9174.714285714286,-220.85714285714286,9660.285714285714,133.71428571428572,9526.57142857143,-227.14285714285714,561.4236613044648,2.215568862275449,8249.5,True,False,,0
2023-11-06,123,233,159,9286,316,527,False,False,False,False,False,False,False,False,False,False,False,False,False,9519,-157,-24143,0.1683678838261704,9337.0,155.0,9182.0,-195.0,9573.285714285714,142.71428571428572,9430.57142857143,-223.14285714285714,468.4045635610511,1.9874213836477987,8249.5,True,False,,0
2023-11-07,141,232,188,9483,231,526,False,False,False,False,False,False,False,False,False,False,False,False,False,9715,-43,-24186,2.0590398151066225,9439.142857142857,177.42857142857142,9261.714285714286,-155.28571428571428,9507.57142857143,150.42857142857142,9357.142857142857,-204.78571428571428,359.9813487231741,1.2287234042553192,8249.5,True,False,,0
2023-11-08,158,226,191,9634,310,525,False,False,False,False,False,False,False,False,False,False,False,False,False,9860,-119,-24305,1.4925373134328401,9551.0,202.42857142857142,9348.57142857143,-134.14285714285714,9463.214285714286,155.0,9308.214285714286,-191.92857142857142,253.24393183445343,1.6230366492146597,8249.5,True,False,,0
2023-11-12,96,160,233,9477,313,524,False,False,False,False,False,False,False,False,True,False,True,True,False,9637,-80,-24385,-2.2616632860040564,9624.142857142857,217.71428571428572,9406.42857142857,-108.28571428571429,9458.57142857143,152.42857142857142,9306.142857142857,-174.57142857142858,249.09118326910306,1.3433476394849786,8249.5,True,False,,0
2023-11-13,141,173,129,9510,287,523,False,False,False,False,False,False,False,False,False,False,False,False,False,9683,-158,-24543,0.4773269689737569,9652.42857142857,208.85714285714286,9443.57142857143,-119.14285714285714,9465.357142857143,153.92857142857142,9311.42857142857,-174.5,254.13128259069774,2.2248062015503876,8249.5,True,False,,0
2023-11-14,116,181,182,9665,247,522,False,False,False,False,False,False,False,False,True,False,True,True,False,9846,-65,-24608,1.6833625942373143,9680.42857142857,205.0,9475.42857142857,-117.85714285714286,9489.07142857143,158.42857142857142,9330.642857142857,-167.42857142857142,273.75240477640244,1.3571428571428572,8249.5,True,False,,0
2023-11-15,150,157,201,9762,316,521,False,False,False,False,False,False,False,False,True,False,True,True,False,9919,-115,-24723,0.7414178346536682,9739.857142857143,194.57142857142858,9545.285714285714,-105.28571428571429,9525.07142857143,165.07142857142858,9360.0,-163.07142857142858,295.5350986016355,1.572139303482587,8249.5,True,False,,0
2023-11-16,80,176,125,9762,374,520,False,False,False,False,False,False,False,False,False,False,False,False,False,9938,-249,-24972,0.191551567698367,9799.714285714286,186.42857142857142,9613.285714285714,-118.42857142857143,9568.357142857143,170.71428571428572,9397.642857142857,-156.71428571428572,309.1471163708684,2.992,8249.5,True,False,,0
2023-11-19,116,188,164,9573,435,519,False,False,False,False,False,False,False,False,False,False,False,False,False,9761,-271,-25243,-1.7810424632722865,9806.285714285714,180.14285714285714,9626.142857142857,-151.0,9622.714285714286,178.78571428571428,9443.92857142857,-153.14285714285714,265.3228595130906,2.652439024390244,8249.5,True,False,,0
2023-11-20,105,185,158,9638,298,518,False,False,False,False,False,False,False,False,False,False,False,False,False,9823,-140,-25383,0.635180821637138,9801.0,174.28571428571428,9626.714285714286,-154.0,9676.0,188.35714285714286,9487.642857142857,-144.07142857142858,217.98200349142815,1.8860759493670887,8249.5,True,False,,0
2023-11-21,136,246,123,9804,250,517,False,False,False,False,False,False,False,False,False,False,False,False,False,10050,-127,-25510,2.310902982795482,9860.0,186.57142857142858,9673.42857142857,-160.71428571428572,9742.07142857143,202.14285714285714,9539.92857142857,-134.5,173.84098139728084,2.032520325203252,8249.5,True,False,,0
2023-11-23,128,228,177,9838,283,516,False,False,False,False,False,False,False,False,False,False,False,False,False,10066,-106,-25616,0.1592039800994982,9914.714285714286,194.42857142857142,9720.285714285714,-153.28571428571428,9783.57142857143,201.64285714285714,9581.92857142857,-136.21428571428572,177.07048326567283,1.5988700564971752,8249.5,True,False,,0
2023-11-26,90,196,205,9845,312,515,False,False,False,False,False,False,False,False,True,False,True,True,False,10041,-107,-25723,-0.24836081859725967,9942.57142857143,196.57142857142858,9746.0,-159.28571428571428,9811.5,200.78571428571428,9610.714285714286,-138.57142857142858,185.03835361263668,1.5219512195121951,8249.5,True,False,,0
2023-11-27,56,82,68,10123,214,514,False,False,False,False,False,False,False,False,False,False,False,False,False,10205,-146,-25869,1.6333034558311033,9983.42857142857,185.85714285714286,9797.57142857143,-163.71428571428572,9861.642857142857,190.21428571428572,9671.42857142857,-134.5,190.05651270598668,3.1470588235294117,8249.5,True,False,,0
2023-11-28,74,103,80,10223,223,513,False,False,False,False,False,False,False,False,False,False,False,False,False,10326,-143,-26012,1.185693287604117,10038.857142857143,175.42857142857142,9863.42857142857,-148.57142857142858,9919.285714285714,180.92857142857142,9738.357142857143,-133.5,200.2469354692302,2.7875,8249.5,True,False,,0
2023-11-29,68,107,102,10398,284,512,False,False,False,False,False,False,False,False,False,False,False,False,False,10505,-182,-26194,1.73348828200659,10145.142857142857,163.85714285714286,9981.285714285714,-135.85714285714286,9975.714285714286,172.0,9803.714285714286,-143.42857142857142,244.6402157553374,2.784313725490196,8249.5,True,False,,0
2023-11-30,92,124,93,10536,320,511,False,False,False,False,False,False,False,False,False,False,False,False,False,10660,-227,-26421,1.47548786292242,10264.714285714286,155.14285714285714,10109.57142857143,-148.28571428571428,10032.857142857143,164.71428571428572,9868.142857142857,-151.14285714285714,302.19424653250013,3.4408602150537635,8249.5,True,False,,0
2023-12-03,132,235,197,10579,417,510,False,False,False,False,False,False,False,False,False,False,False,False,False,10814,-220,-26641,1.4446529080675452,10373.857142857143,153.57142857142858,10220.285714285714,-161.57142857142858,10116.92857142857,170.07142857142858,9946.857142857143,-161.14285714285714,344.373112567348,2.116751269035533,8249.5,True,False,,0
2023-12-04,174,208,256,10635,273,509,False,False,False,False,False,False,False,False,True,False,True,True,False,10843,-17,-26658,0.2681708895875712,10484.857142857143,150.71428571428572,10334.142857142857,-148.85714285714286,10199.785714285714,172.57142857142858,10027.214285714286,-151.07142857142858,370.49637776103623,1.06640625,8249.5,True,False,,0
2023-12-05,123,230,167,10761,261,508,False,False,False,False,False,False,False,False,False,False,False,False,False,10991,-94,-26752,1.364935903347786,10620.57142857143,155.57142857142858,10465.0,-147.0,10281.57142857143,176.07142857142858,10105.5,-153.14285714285714,410.5989460598708,1.562874251497006,8249.5,True,False,,0
2023-12-06,123,233,159,10832,376,507,False,False,False,False,False,False,False,False,False,False,False,False,False,11065,-217,-26969,0.6732781366572738,10743.42857142857,177.14285714285714,10566.285714285714,-157.14285714285714,10363.42857142857,181.5,10181.92857142857,-160.42857142857142,445.5060587148395,2.3647798742138364,8249.5,True,False,,0
2023-12-07,141,232,188,10897,466,506,False,False,False,False,False,False,False,False,False,False,False,False,False,11129,-278,-27247,0.5784003615002309,10858.142857142857,195.57142857142858,10662.57142857143,-176.42857142857142,10448.5,185.5,10263.0,-162.5,471.0033071907208,2.478723404255319,8249.5,True,False,,0
2023-12-10,158,226,191,10871,411,505,False,False,False,False,False,False,False,False,False,False,False,False,False,11097,-220,-27467,-0.2875370653248277,10942.714285714286,212.57142857142858,10730.142857142857,-181.85714285714286,10543.92857142857,188.21428571428572,10355.714285714286,-158.85714285714286,456.1019562613988,2.1518324607329844,8249.5,True,False,,0
2023-12-11,96,160,233,10998,304,504,False,False,False,False,False,False,False,False,True,False,True,True,False,11158,-71,-27538,0.5496981166080994,11013.857142857143,217.71428571428572,10796.142857142857,-159.57142857142858,10639.285714285714,186.42857142857142,10452.857142857143,-153.92857142857142,432.7391163936104,1.3047210300429184,8249.5,True,False,,0
2023-12-12,141,173,129,11077,259,503,False,False,False,False,False,False,False,False,False,False,False,False,False,11250,-130,-27668,0.8245205233912811,11076.142857142857,208.85714285714286,10867.285714285714,-146.71428571428572,10725.0,181.21428571428572,10543.785714285714,-154.14285714285714,425.8275201569951,2.007751937984496,8249.5,True,False,,0
2023-12-13,116,181,182,11192,335,502,False,False,False,False,False,False,False,False,True,False,True,True,False,11373,-153,-27821,1.093333333333324,11151.857142857143,205.0,10946.857142857143,-166.14285714285714,10818.357142857143,177.85714285714286,10640.5,-157.5,413.3245339072539,1.8406593406593406,8249.5,True,False,,0
2023-12-14,150,157,201,11242,396,501,False,False,False,False,False,False,False,False,True,False,True,True,False,11399,-195,-28016,0.2286116240218128,11210.142857142857,194.57142857142858,11015.57142857143,-180.57142857142858,10915.357142857143,175.07142857142858,10740.285714285714,-163.78571428571428,374.37324179994704,1.9701492537313432,8249.5,True,False,,0
2023-12-17,80,176,125,11092,456,500,False,False,False,False,False,False,False,False,False,False,False,False,False,11268,-331,-28347,-1.149223616106676,11239.142857142857,186.42857142857142,11052.714285714286,-196.85714285714286,10991.285714285714,181.78571428571428,10809.5,-177.0,323.568665538952,3.648,8249.5,True,False,,0
2023-12-18,116,188,164,11149,364,499,False,False,False,False,False,False,False,False,False,False,False,False,False,11337,-200,-28547,0.6123535676251235,11268.857142857143,180.14285714285714,11088.714285714286,-185.71428571428572,11063.5,187.85714285714286,10875.642857142857,-181.07142857142858,272.44780728110845,2.2195121951219514,8249.5,True,False,,0
2023-12-19,105,185,158,11291,272,498,False,False,False,False,False,False,False,False,False,False,False,False,False,11476,-114,-28661,1.2260739172620605,11323.0,174.28571428571428,11148.714285714286,-170.57142857142858,11132.857142857143,193.42857142857142,10939.42857142857,-176.21428571428572,241.12711526135226,1.7215189873417722,8249.5,True,False,,0
2023-12-20,136,246,123,11516,390,497,False,False,False,False,False,False,False,False,False,False,False,False,False,11762,-267,-28928,2.492157546183349,11409.285714285714,186.57142857142858,11222.714285714286,-198.57142857142858,11211.57142857143,202.14285714285714,11009.42857142857,-179.07142857142858,254.39724063741556,3.1707317073170733,8249.5,True,False,,0
2023-12-21,128,228,177,11375,497,496,False,False,False,False,False,False,False,False,False,False,False,False,False,11603,-320,-29248,-1.3518109165107983,11459.714285714286,194.42857142857142,11265.285714285714,-225.71428571428572,11267.92857142857,201.64285714285714,11066.285714285714,-186.21428571428572,246.8292665247809,2.8079096045197742,8249.5,True,False,,0
2023-12-25,90,196,205,11144,347,495,False,False,False,False,False,False,False,False,True,False,True,True,False,11340,-142,-29390,-2.266655175385679,11455.0,196.57142857142858,11258.42857142857,-224.14285714285714,11303.42857142857,200.78571428571428,11102.642857142857,-195.14285714285714,214.6566898688896,1.6926829268292682,8249.5,True,False,,0
2023-12-26,56,82,68,11217,288,494,False,False,False,False,False,False,False,False,False,False,False,False,False,11299,-220,-29610,-0.36155202821869237,11440.714285714286,185.85714285714286,11254.857142857143,-227.71428571428572,11325.42857142857,190.21428571428572,11135.214285714286,-204.14285714285714,195.0620076108127,4.235294117647059,8249.5,True,False,,0
2023-12-27,74,103,80,11206,335,493,False,False,False,False,False,False,False,False,False,False,False,False,False,11309,-255,-29865,0.08850340738117968,11446.57142857143,175.42857142857142,11271.142857142857,-216.85714285714286,11342.857142857143,180.92857142857142,11161.92857142857,-206.85714285714286,180.34874640441532,4.1875,8249.5,True,False,,0
2023-12-28,68,107,102,11230,357,492,False,False,False,False,False,False,False,False,False,False,False,False,False,11337,-255,-30120,0.2475904147139385,11446.57142857143,163.85714285714286,11282.714285714286,-224.71428571428572,11357.714285714286,172.0,11185.714285714286,-205.21428571428572,169.62466646246094,3.5,8249.5,True,False,,0
2024-01-01,92,124,93,10870,290,491,False,False,False,False,False,False,False,False,False,False,False,False,False,10994,-197,-30317,-3.0254917526682523,11377.714285714286,155.14285714285714,11222.57142857143,-236.57142857142858,11350.357142857143,164.71428571428572,11185.642857142857,-203.57142857142858,183.47106547928922,3.118279569892473,8249.5,True,False,,0
2024-01-02,113,162,107,10770,316,490,False,False,False,False,False,False,False,False,False,False,False,False,False,10932,-209,-30526,-0.5639439694378745,11259.142857142857,143.14285714285714,11116.0,-228.28571428571428,11334.214285714286,164.85714285714286,11169.357142857143,-213.42857142857142,209.75706775339287,2.953271028037383,8249.5,True,False,,0
2024-01-03,106,196,131,10718,263,489,False,False,False,False,False,False,False,False,False,False,False,False,False,10914,-132,-30658,-0.16465422612513825,11160.714285714286,138.57142857142858,11022.142857142857,-201.42857142857142,11310.214285714286,166.5,11143.714285714286,-213.57142857142858,237.51896396231717,2.0076335877862594,8249.5,True,False,,0
2024-01-04,86,152,168,10558,362,488,False,False,False,False,False,False,False,False,True,False,True,True,False,10710,-194,-30852,-1.869158878504673,11070.714285714286,132.28571428571428,10938.42857142857,-208.85714285714286,11262.857142857143,164.42857142857142,11098.42857142857,-216.5,285.3224510950304,2.1547619047619047,8249.5,True,False,,0
2024-01-07,84,118,136,9670,367,487,False,False,False,False,False,False,False,False,True,False,True,True,False,9788,-231,-31083,-8.608776844070965,10854.857142857143,137.42857142857142,10717.42857142857,-210.42857142857142,11147.785714285714,161.64285714285714,10986.142857142857,-219.07142857142858,482.74888815093624,2.698529411764706,8249.5,True,False,,0
2024-01-08,59,64,117,9670,367,486,False,False,False,False,False,False,False,False,True,False,True,True,False,9734,-250,-31333,-0.5516959542296695,10629.857142857143,131.85714285714286,10498.0,-209.71428571428572,11038.214285714286,153.64285714285714,10884.57142857143,-213.28571428571428,610.5395065112217,3.1367521367521367,8249.5,True,False,,0
2024-01-09,62,97,52,9311,286,485,False,False,False,False,False,False,False,False,False,False,False,False,False,9408,-234,-31567,-3.3490856790630796,10354.285714285714,130.42857142857142,10223.857142857143,-206.71428571428572,10900.42857142857,147.14285714285714,10753.285714285714,-215.71428571428572,741.5367322491203,5.5,8249.5,True,False,,0
2024-01-10,91,75,97,9144,349,484,False,False,False,False,False,False,False,False,True,False,True,True,False,9219,-252,-31819,-2.00892857142857,10100.714285714286,123.42857142857143,9977.285714285714,-214.57142857142858,10739.214285714286,139.28571428571428,10599.92857142857,-225.57142857142858,844.9149414241278,3.597938144329897,8249.5,True,False,,0
2024-01-11,29,51,11,8829,476,483,False,False,False,False,False,False,False,False,False,False,False,False,False,8880,-465,-32284,-3.6771884152294154,9807.57142857143,107.57142857142857,9700.0,-251.14285714285714,10533.357142857143,125.35714285714286,10408.0,-239.71428571428572,923.9448540938868,43.27272727272727,8249.5,True,False,,0
2024-01-15,33,53,34,8033,234,482,False,False,False,False,False,False,False,False,False,False,False,False,False,8086,-200,-32484,-8.941441441441444,9403.57142857143,87.14285714285714,9316.42857142857,-260.85714285714283,10282.142857142857,112.85714285714286,10169.285714285714,-231.14285714285714,1076.3064946053478,6.882352941176471,8249.5,False,False,,0
2024-01-16,32,49,39,8133,188,481,False,False,False,False,False,False,False,False,False,False,False,False,False,8182,-149,-32633,1.187237200098945,9042.42857142857,72.42857142857143,8970.0,-254.42857142857142,10056.57142857143,102.35714285714286,9954.214285714286,-231.64285714285714,1164.8323559990938,4.82051282051282,8249.5,False,False,,0
2024-01-17,80,176,125,8072,353,480,False,False,False,False,False,False,False,False,False,False,False,False,False,8248,-228,-32861,0.8066487411390932,8822.42857142857,80.71428571428571,8741.714285714286,-254.0,9838.642857142857,109.07142857142857,9729.57142857143,-232.21428571428572,1199.3988627091965,2.824,8249.5,False,False,,0
2024-01-18,116,188,164,8042,359,479,False,False,False,False,False,False,False,False,False,False,False,False,False,8230,-195,-33056,-0.21823472356935492,8607.57142857143,98.42857142857143,8509.142857142857,-246.14285714285714,9618.714285714286,115.14285714285714,9503.57142857143,-227.92857142857142,1191.3105536193393,2.1890243902439024,8249.5,False,False,,0
2024-01-21,105,185,158,7974,371,478,False,False,False,False,False,False,False,False,False,False,False,False,False,8159,-213,-33269,-0.8626974483596617,8429.142857142857,111.0,8318.142857142857,-243.14285714285714,9391.714285714286,120.71428571428571,9271.0,-224.92857142857142,1140.4022521475822,2.348101265822785,8249.5,False,False,,0
2024-01-22,136,246,123,8008,222,477,False,False,False,False,False,False,False,False,False,False,False,False,False,8254,-99,-33368,1.164358377252106,8291.285714285714,135.42857142857142,8155.857142857143,-221.28571428571428,9196.0,129.42857142857142,9066.57142857143,-217.92857142857142,1077.6592154365708,1.8048780487804879,8249.5,True,False,,0
2024-01-23,128,228,177,8133,202,476,False,False,False,False,False,False,False,False,False,False,False,False,False,8361,-25,-33393,1.296341167918591,8217.142857142857,160.71428571428572,8056.428571428572,-158.42857142857142,9012.357142857143,134.14285714285714,8878.214285714286,-204.78571428571428,973.0572445128196,1.1412429378531073,8249.5,True,False,,0
2024-01-24,90,196,205,8212,243,475,False,False,False,False,False,False,False,False,True,False,True,True,False,8408,-38,-33431,0.5621337160626627,8263.142857142857,181.14285714285714,8082.0,-135.28571428571428,8833.357142857143,134.14285714285714,8699.214285714286,-198.07142857142858,813.792319674018,1.1853658536585365,8249.5,True,False,,0
2024-01-25,102,189,155,8180,293,474,False,False,False,False,False,False,False,False,False,False,False,False,False,8369,-138,-33569,-0.4638439581351128,8289.857142857143,201.14285714285714,8088.714285714285,-133.71428571428572,8666.142857142857,136.78571428571428,8529.357142857143,-194.07142857142858,614.675881713622,1.8903225806451613,8249.5,True,False,,0
2024-01-28,120,257,126,8004,307,473,False,False,False,False,False,False,False,False,False,False,False,False,False,8261,-181,-33750,-1.2904767594694722,8291.714285714286,212.71428571428572,8079.0,-127.0,8557.07142857143,146.71428571428572,8410.357142857143,-190.5,529.9324288254662,2.4365079365079363,8249.5,True,False,,0
2024-01-29,137,272,166,8057,195,472,False,False,False,False,False,False,False,False,False,False,False,False,False,8329,-29,-33779,0.8231448977121358,8305.857142857143,224.71428571428572,8081.142857142857,-103.28571428571429,8456.714285714286,161.57142857142858,8295.142857142857,-174.71428571428572,409.18519947880077,1.1746987951807228,8249.5,True,False,,0
2024-01-30,93,198,208,8182,187,471,False,False,False,False,False,False,False,False,True,False,True,True,False,8380,21,-33758,0.6123184055708997,8337.42857142857,226.57142857142858,8110.857142857143,-69.85714285714286,8383.285714285714,168.78571428571428,8214.5,-156.5,304.0848638054561,0.8990384615384616,8249.5,True,False,19,1
2024-01-31,203,477,258,8153,266,470,False,False,False,False,False,False,False,False,False,False,False,False,False,8630,-8,-33766,2.9832935560859086,8391.142857142857,259.57142857142856,8131.571428571428,-56.857142857142854,8341.214285714286,197.5,8143.714285714285,-139.07142857142858,203.7623723742505,1.0310077519379846,8249.5,True,False,,0
2024-02-01,222,459,289,8026,337,469,False,False,False,False,False,False,False,False,False,False,False,False,False,8485,-48,-33814,-1.6801853997682525,8408.857142857143,292.57142857142856,8116.285714285715,-60.142857142857146,8313.0,226.64285714285714,8086.357142857143,-109.28571428571429,141.1458601806379,1.166089965397924,8249.5,True,False,,0
2024-02-04,253,531,248,7813,342,468,False,False,False,False,False,False,False,False,False,False,False,False,False,8344,-94,-33908,-1.6617560400707165,8399.714285714286,340.42857142857144,8059.285714285715,-68.14285714285714,8331.42857142857,260.7857142857143,8070.642857142857,-101.71428571428571,125.16617525733442,1.3790322580645162,8249.5,True,False,,0
2024-02-05,157,466,345,7872,242,467,False,False,False,False,False,False,False,False,False,False,False,False,False,8338,103,-33805,-0.07190795781399917,8395.285714285714,380.0,8015.285714285715,-33.714285714285715,8342.57142857143,290.57142857142856,8052.0,-83.71428571428571,117.55241991788058,0.7014492753623188,8249.5,True,False,21,4
2024-02-06,291,455,323,8045,178,466,False,False,False,False,False,False,False,False,False,False,False,False,False,8500,145,-33660,1.9429119692971897,8429.42857142857,408.2857142857143,8021.142857142857,12.857142857142858,8360.57142857143,310.5,8050.071428571428,-57.07142857142857,121.19451262366695,0.5510835913312694,8249.5,True,False,21,4
2024-02-07,227,453,330,8160,222,465,False,False,False,False,False,False,False,False,False,False,False,False,False,8613,108,-33552,1.32941176470589,8470.0,434.14285714285717,8035.857142857143,32.42857142857143,8387.92857142857,329.42857142857144,8058.5,-35.42857142857143,132.18254527245085,0.6727272727272727,8249.5,True,False,21,4
2024-02-08,298,499,358,8188,315,464,False,False,False,False,False,False,False,False,False,False,False,False,False,8687,43,-33509,0.8591663764077495,8513.857142857143,477.14285714285717,8036.714285714285,35.57142857142857,8425.642857142857,351.85714285714283,8073.785714285715,-17.142857142857142,137.0741557544759,0.8798882681564246,8249.5,True,False,21,4
2024-02-11,205,515,226,8056,347,463,False,False,False,False,False,False,False,False,False,False,False,False,False,8571,-121,-33630,-1.3353286520087493,8505.42857142857,482.57142857142856,8022.857142857143,19.428571428571427,8448.285714285714,371.07142857142856,8077.214285714285,-18.714285714285715,132.65074360966784,1.5353982300884956,8249.5,True,False,,0
2024-02-12,213,430,440,8092,234,462,False,False,False,False,False,False,False,False,True,False,True,True,False,8522,206,-33424,-0.5716952514292384,8510.714285714286,478.42857142857144,8032.285714285715,55.714285714285715,8459.785714285714,385.5,8074.285714285715,-2.2142857142857144,131.47516792230311,0.5318181818181819,8249.5,True,False,23,3
2024-02-13,227,369,349,8348,160,461,False,False,False,False,False,False,False,False,False,False,False,False,False,8717,189,-33235,2.2881952593287957,8564.0,455.2857142857143,8108.714285714285,96.14285714285714,8481.857142857143,397.85714285714283,8084.0,14.0,147.11892475802006,0.4584527220630373,8249.5,True,False,23,3
2024-02-14,185,322,272,8512,230,460,False,False,False,False,False,False,False,False,False,False,False,False,False,8834,42,-33193,1.3422048870024073,8634.857142857143,434.7142857142857,8200.142857142857,87.42857142857143,8515.07142857143,407.35714285714283,8107.714285714285,26.857142857142858,170.3378833538572,0.8455882352941176,8249.5,True,False,23,3
2024-02-15,333,508,272,8463,312,459,False,False,False,False,False,False,False,False,False,False,False,False,False,8971,-40,-33233,1.5508263527280963,8702.142857142857,442.2857142857143,8259.857142857143,61.0,8565.785714285714,425.2857142857143,8140.5,36.92857142857143,193.0536707244836,1.1470588235294117,8249.5,True,False,,0
2024-02-19,249,420,371,8380,218,458,False,False,False,False,False,False,False,False,False,False,False,False,False,8800,153,-33080,-1.9061420131535,8728.857142857143,437.57142857142856,8291.285714285714,67.42857142857143,8599.42857142857,435.85714285714283,8163.571428571428,49.92857142857143,189.62502037343543,0.5876010781671159,8249.5,True,False,25,3
2024-02-20,149,395,273,8488,192,457,False,False,False,False,False,False,False,False,False,False,False,False,False,8883,81,-32999,0.9431818181818263,8756.857142857143,422.7142857142857,8334.142857142857,72.85714285714286,8635.357142857143,449.92857142857144,8185.428571428572,54.214285714285715,192.4820100056147,0.7032967032967034,8249.5,True,False,25,3
2024-02-21,232,430,318,8573,231,456,False,False,False,False,False,False,False,False,False,False,False,False,False,9003,87,-32912,1.3508949679162496,8818.57142857143,410.57142857142856,8408.0,102.57142857142857,8662.0,446.57142857142856,8215.42857142857,61.0,216.05483634408583,0.7264150943396226,8249.5,True,False,25,3
2024-02-22,165,400,292,8607,293,455,False,False,False,False,False,False,False,False,False,False,False,False,False,9007,-1,-32913,0.04442963456625648,8887.857142857143,406.2857142857143,8481.57142857143,73.0,8699.285714285714,442.35714285714283,8256.92857142857,64.35714285714286,227.87797968726824,1.0034246575342465,8249.5,True,False,,0
2024-02-25,244,482,366,8404,329,454,False,False,False,False,False,False,False,False,False,False,False,False,False,8886,37,-32876,-1.3433995781059194,8912.0,422.42857142857144,8489.57142857143,51.285714285714285,8738.0,438.85714285714283,8299.142857142857,73.71428571428571,208.05324762216824,0.8989071038251366,8249.5,True,False,27,1
2024-02-26,199,438,326,8404,329,453,False,False,False,False,False,False,False,False,False,False,False,False,False,8842,-3,-32879,-0.4951609273013746,8913.142857142857,439.0,8474.142857142857,44.857142857142854,8774.0,436.85714285714283,8337.142857142857,66.14285714285714,174.39830627258584,1.00920245398773,8249.5,True,False,,0
2024-02-27,197,369,306,8650,206,452,False,False,False,False,False,False,False,False,False,False,False,False,False,9019,100,-32779,2.0018095453517404,8920.0,419.14285714285717,8500.857142857143,64.85714285714286,8811.07142857143,430.7142857142857,8380.357142857143,62.92857142857143,166.66431683318385,0.673202614379085,8249.5,True,False,29,3
2024-02-28,209,447,274,8699,257,451,False,False,False,False,False,False,False,False,False,False,False,False,False,9146,17,-32762,1.4081383745426335,8969.42857142857,423.0,8546.42857142857,45.42857142857143,8849.142857142857,430.2857142857143,8418.857142857143,56.42857142857143,178.40181835168073,0.9379562043795621,8249.5,True,False,29,3
2024-02-29,262,444,354,8724,299,450,False,False,False,False,False,False,False,False,False,False,False,False,False,9168,55,-32707,0.2405423135797058,9010.142857142857,430.0,8580.142857142857,41.714285714285715,8883.5,426.35714285714283,8457.142857142857,57.285714285714285,190.66835887713577,0.844632768361582,8249.5,True,False,29,3
2024-03-03,236,468,347,8594,354,449,False,False,False,False,False,False,False,False,False,False,False,False,False,9062,-7,-32714,-1.1561954624781823,9018.57142857143,435.42857142857144,8583.142857142857,28.285714285714285,8918.57142857143,423.0,8495.57142857143,65.42857142857143,173.11477485963565,1.0201729106628241,8249.5,True,False,,0
2024-03-04,225,509,340,8660,229,448,False,False,False,False,False,False,False,False,False,False,False,False,False,9169,111,-32603,1.1807548002648494,9041.714285714286,451.0,8590.714285714286,44.285714285714285,8964.785714285714,428.64285714285717,8536.142857142857,58.642857142857146,142.81196813199944,0.6735294117647059,8249.5,True,False,31,4
2024-03-05,246,472,345,8800,214,447,False,False,False,False,False,False,False,False,False,False,False,False,False,9272,131,-32472,1.12335041989311,9096.857142857143,449.57142857142856,8647.285714285714,57.714285714285715,9004.42857142857,436.0,8568.42857142857,54.5,145.73934281426153,0.6202898550724638,8249.5,True,False,31,4
2024-03-06,230,457,277,8870,232,446,False,False,False,False,False,False,False,False,False,False,False,False,False,9327,45,-32427,0.5931837791199213,9166.142857142857,452.2857142857143,8713.857142857143,64.57142857142857,9039.642857142857,445.64285714285717,8594.0,54.714285714285715,160.2318546754166,0.8375451263537906,8249.5,True,False,31,4
2024-03-07,181,424,328,8902,305,445,False,False,False,False,False,False,False,False,False,False,False,False,False,9326,23,-32404,-0.010721561059290341,9210.0,460.14285714285717,8749.857142857143,53.57142857142857,9065.0,439.64285714285717,8625.357142857143,59.214285714285715,175.86095906440784,0.9298780487804879,8249.5,True,False,31,4
2024-03-10,190,368,326,8714,373,444,False,False,False,False,False,False,False,False,False,False,False,False,False,9082,-47,-32451,-2.6163414111087246,9200.857142857143,448.85714285714283,8752.0,44.42857142857143,9085.142857142857,435.92857142857144,8649.214285714286,44.92857142857143,158.46273871297257,1.1441717791411044,8249.5,True,False,,0
2024-03-11,178,336,290,8757,253,443,False,False,False,False,False,False,False,False,False,False,False,False,False,9093,37,-32414,0.12111869632238648,9190.142857142857,433.42857142857144,8756.714285714286,41.857142857142854,9100.142857142857,431.7142857142857,8668.42857142857,41.785714285714285,147.40987188667677,0.8724137931034482,8249.5,True,False,33,2
2024-03-12,154,294,290,8843,213,442,False,False,False,False,False,False,False,False,False,False,False,False,False,9137,77,-32337,0.4838887055977015,9200.857142857143,408.57142857142856,8792.285714285714,53.857142857142854,9109.714285714286,422.0,8687.714285714286,41.07142857142857,144.9469019868326,0.7344827586206897,8249.5,True,False,33,2
2024-03-13,165,358,167,8819,239,441,False,False,False,False,False,False,False,False,False,False,False,False,False,9177,-72,-32409,0.43778045310276514,9202.0,387.0,8815.0,27.714285714285715,9121.857142857143,419.0,8702.857142857143,36.0,142.78486083437713,1.4311377245508983,8249.5,True,False,,0
2024-03-14,166,301,252,8695,310,440,False,False,False,False,False,False,False,False,False,False,False,False,False,8996,-58,-32467,-1.9723221096218824,9162.57142857143,362.57142857142856,8800.0,0.7142857142857143,9129.714285714286,406.07142857142856,8723.642857142857,29.214285714285715,131.37874115072626,1.2301587301587302,8249.5,True,False,,0
2024-03-17,127,260,259,8373,342,439,False,False,False,False,False,False,False,False,False,False,False,False,False,8633,-83,-32550,-4.035126722987991,9063.42857142857,334.42857142857144,8729.0,-17.571428571428573,9114.785714285714,393.35714285714283,8721.42857142857,23.5,172.13821752894367,1.3204633204633205,8249.5,True,False,,0
2024-03-18,123,243,188,8333,283,438,False,False,False,False,False,False,False,False,False,False,False,False,False,8576,-95,-32645,-0.6602571527858259,8956.285714285714,308.57142857142856,8647.714285714286,-34.42857142857143,9083.142857142857,384.35714285714283,8698.785714285714,9.571428571428571,224.00338498222007,1.5053191489361701,8249.5,True,False,,0
2024-03-19,99,202,256,8390,197,437,False,False,False,False,False,False,False,False,True,False,True,True,False,8592,59,-32586,0.1865671641791078,8886.285714285714,284.85714285714283,8601.42857142857,-19.285714285714285,9043.57142857143,366.85714285714283,8676.714285714286,12.571428571428571,258.34613462310926,0.76953125,8249.5,True,False,35,1
2024-03-20,91,181,174,8365,227,436,False,False,False,False,False,False,False,False,False,False,False,False,False,8546,-53,-32639,-0.5353817504655467,8808.142857142857,262.7142857142857,8545.42857142857,-32.142857142857146,8999.142857142857,348.07142857142856,8651.07142857143,4.857142857142857,287.1766695962893,1.3045977011494252,8249.5,True,False,,0
2024-03-21,132,261,141,8292,235,435,False,False,False,False,False,False,False,False,False,False,False,False,False,8553,-94,-32733,0.08190966534051825,8724.714285714286,258.0,8466.714285714286,-56.57142857142857,8962.785714285714,333.2857142857143,8629.5,-1.3571428571428572,309.92584189206366,1.6666666666666667,8249.5,True,False,,0
2024-03-24,124,264,221,7899,373,434,False,False,False,False,False,False,False,False,False,False,False,False,False,8163,-152,-32885,-4.559803577692034,8579.857142857143,244.57142857142858,8335.285714285714,-68.0,8890.92857142857,315.7857142857143,8575.142857142857,-20.142857142857142,369.35983378429796,1.6877828054298643,8249.5,False,False,,0
2024-03-25,128,242,224,7899,229,433,False,False,False,False,False,False,False,False,False,False,False,False,False,8141,-5,-32890,-0.26950875903466454,8457.714285714286,236.14285714285714,8221.57142857143,-60.42857142857143,8810.142857142857,299.35714285714283,8510.785714285714,-29.857142857142858,401.85681666344675,1.0223214285714286,8249.5,False,False,,0
2024-03-26,187,276,200,7919,208,432,False,False,False,False,False,False,False,False,False,False,False,False,False,8195,-8,-32898,0.6633091757769272,8395.142857142857,238.42857142857142,8156.714285714285,-49.714285714285715,8729.285714285714,286.42857142857144,8442.857142857143,-33.642857142857146,403.74066858876876,1.04,8249.5,False,False,,0
2024-03-27,129,287,185,7893,215,431,False,False,False,False,False,False,False,False,False,False,False,False,False,8180,-30,-32928,-0.18303843807199183,8338.57142857143,244.71428571428572,8093.857142857143,-40.42857142857143,8647.42857142857,276.64285714285717,8370.785714285714,-37.42857142857143,389.37063898742235,1.162162162162162,8249.5,False,False,,0
2024-03-28,161,288,248,7762,360,430,False,False,False,False,False,False,False,False,False,False,False,False,False,8050,-112,-33040,-1.58924205378973,8261.142857142857,257.0,8004.142857142857,-64.85714285714286,8573.714285714286,270.92857142857144,8302.785714285714,-42.07142857142857,398.3541965814413,1.4516129032258065,8249.5,False,False,,0
2024-03-31,105,254,151,7257,287,429,False,False,False,False,False,False,False,False,False,False,False,False,False,7511,-136,-33176,-6.695652173913047,8113.285714285715,267.42857142857144,7845.857142857143,-76.71428571428571,8460.714285714286,265.07142857142856,8195.642857142857,-54.42857142857143,459.41910287654866,1.900662251655629,8249.5,False,False,,0
2024-04-01,109,235,171,7271,172,428,False,False,False,False,False,False,False,False,False,False,False,False,False,7506,-1,-33177,-0.06656903208627218,7963.714285714285,263.7142857142857,7700.0,-63.42857142857143,8344.214285714286,260.85714285714283,8083.357142857143,-60.0,481.0215377508595,1.0058479532163742,8249.5,False,False,,0
2024-04-02,101,230,175,7340,132,427,False,False,False,False,False,False,False,False,False,False,False,False,False,7570,43,-33134,0.8526512123634422,7879.0,258.85714285714283,7620.142857142857,-35.57142857142857,8229.42857142857,251.71428571428572,7977.714285714285,-51.785714285714285,458.20531412249335,0.7542857142857143,8249.5,False,False,37,2
2024-04-03,124,230,190,7346,163,426,False,False,False,False,False,False,False,False,False,False,False,False,False,7576,27,-33107,0.07926023778070945,7798.285714285715,257.14285714285717,7541.142857142857,-31.0,8128.0,246.64285714285714,7881.357142857143,-45.714285714285715,431.8730226493566,0.8578947368421053,8249.5,False,False,37,2
2024-04-04,95,226,152,7317,225,425,False,False,False,False,False,False,False,False,False,False,False,False,False,7543,-73,-33180,-0.4355860612460405,7705.142857142857,250.0,7455.142857142857,-40.285714285714285,8050.142857142857,244.21428571428572,7805.928571428572,-45.0,432.08098548994576,1.480263157894737,8249.5,False,False,,0
2024-04-07,106,239,233,6982,279,424,False,False,False,False,False,False,False,False,False,False,False,False,False,7221,-46,-33226,-4.268858544345755,7568.142857142857,243.14285714285714,7325.0,-42.57142857142857,7953.357142857143,243.92857142857142,7709.428571428572,-41.5,456.3087023804361,1.1974248927038627,8249.5,False,False,,0
2024-04-08,102,230,167,6988,199,423,False,False,False,False,False,False,False,False,False,False,False,False,False,7218,-32,-33258,-0.041545492314087884,7449.285714285715,234.85714285714286,7214.428571428572,-31.142857142857142,7855.214285714285,245.92857142857142,7609.285714285715,-48.0,456.1432262536946,1.1916167664670658,8249.5,False,False,,0
2024-04-09,118,231,217,7043,130,422,False,False,False,False,False,False,False,False,False,False,False,False,False,7274,87,-33171,0.775838182321964,7415.428571428572,231.57142857142858,7183.857142857143,0.7142857142857143,7764.357142857143,249.5,7514.857142857143,-38.0,434.1145908881259,0.5990783410138248,8249.5,False,False,39,1
2024-04-10,117,244,142,6999,227,421,False,False,False,False,False,False,False,False,False,False,False,False,False,7243,-85,-33256,-0.42617541930162206,7377.857142857143,232.85714285714286,7145.0,-11.285714285714286,7670.785714285715,248.28571428571428,7422.5,-37.357142857142854,389.9899759207522,1.5985915492957747,8249.5,False,False,,0
2024-04-11,183,221,220,6912,285,420,False,False,False,False,False,False,False,False,False,False,False,False,False,7133,-65,-33321,-1.518707717796497,7315.428571428572,231.57142857142858,7083.857142857143,-26.714285714285715,7597.214285714285,245.21428571428572,7352.0,-31.142857142857142,387.135273231732,1.2954545454545454,8249.5,False,False,,0
2024-04-14,128,245,243,6630,290,419,False,False,False,False,False,False,False,False,False,False,False,False,False,6875,-47,-33368,-3.6169914481985144,7215.285714285715,233.71428571428572,6981.571428571428,-37.285714285714285,7506.785714285715,245.42857142857142,7261.357142857143,-34.142857142857146,398.04970284382125,1.1934156378600822,8249.5,False,False,,0
2024-04-15,144,303,176,6681,191,418,False,False,False,False,False,False,False,False,False,False,False,False,False,6984,-15,-33383,1.5854545454545566,7135.428571428572,244.71428571428572,6890.714285714285,-29.0,7420.285714285715,247.35714285714286,7172.928571428572,-34.642857142857146,367.3900523278215,1.0852272727272727,8249.5,False,False,,0
2024-04-16,219,392,205,6685,163,417,False,False,False,False,False,False,False,False,False,False,False,False,False,7077,42,-33341,1.3316151202749094,7114.857142857143,266.57142857142856,6848.285714285715,-16.428571428571427,7341.5,254.85714285714286,7086.642857142857,-29.5,304.8908379681362,0.7951219512195122,8249.5,False,False,41,2
2024-04-17,182,371,274,6725,227,416,False,False,False,False,False,False,False,False,False,False,False,False,False,7096,47,-33294,0.2684753426593245,7097.428571428572,286.7142857142857,6810.714285714285,-5.142857142857143,7273.357142857143,260.7857142857143,7012.571428571428,-18.142857142857142,232.33748899219486,0.8284671532846716,8249.5,False,False,41,2
2024-04-18,144,322,258,6728,260,415,False,False,False,False,False,False,False,False,False,False,False,False,False,7050,-2,-33296,-0.6482525366403591,7065.428571428572,299.7142857142857,6765.714285714285,-17.857142857142858,7240.428571428572,265.64285714285717,6974.785714285715,-8.571428571428571,228.70596315445562,1.0077519379844961,8249.5,False,False,,0
2024-04-21,208,380,343,6745,240,414,False,False,False,False,False,False,False,False,False,False,False,False,False,7125,103,-33193,1.0638297872340496,7048.571428571428,319.14285714285717,6729.428571428572,9.0,7213.214285714285,276.0,6937.214285714285,-1.1428571428571428,217.04490090987798,0.6997084548104956,8249.5,False,True,43,10
2024-04-22,176,424,251,6799,214,413,False,False,False,False,False,False,False,False,False,False,False,False,False,7223,37,-33156,1.3754385964912297,7061.428571428572,348.14285714285717,6713.285714285715,23.571428571428573,7188.428571428572,289.85714285714283,6898.571428571428,-1.5714285714285714,191.47392442902913,0.852589641434263,8249.5,False,True,43,10
2024-04-23,252,427,307,6967,134,412,False,False,False,False,False,False,False,False,False,False,False,False,False,7394,173,-32983,2.367437352900459,7135.571428571428,374.14285714285717,6761.428571428572,55.0,7175.428571428572,303.92857142857144,6871.5,8.857142857142858,167.85786766265554,0.4364820846905538,8249.5,False,True,43,10
2024-04-24,253,411,307,7128,154,411,False,False,False,False,False,False,False,False,False,False,False,False,False,7539,153,-32830,1.9610494995942584,7214.857142857143,389.57142857142856,6825.285714285715,79.0,7175.142857142857,317.14285714285717,6858.0,25.0,167.18615011776131,0.501628664495114,8249.5,False,True,43,10
2024-04-25,145,357,333,7209,217,410,False,False,False,False,False,False,False,False,False,False,False,False,False,7566,116,-32714,0.35813768404298063,7284.714285714285,384.57142857142856,6900.142857142857,89.57142857142857,7199.785714285715,325.57142857142856,6874.214285714285,36.57142857142857,197.19774478791655,0.6516516516516516,8249.5,False,True,43,10
2024-04-28,158,349,365,7298,250,409,False,False,False,False,False,False,False,False,True,False,True,True,False,7647,115,-32599,1.0705789056304482,7363.428571428572,381.42857142857144,6982.0,99.28571428571429,7230.428571428572,334.07142857142856,6896.357142857143,47.07142857142857,230.72684958814105,0.684931506849315,8249.5,False,True,43,10
2024-04-29,140,292,255,7373,187,408,False,False,False,False,False,False,False,False,False,False,False,False,False,7665,68,-32531,0.23538642604943316,7451.285714285715,377.14285714285717,7074.142857142857,109.28571428571429,7258.357142857143,338.42857142857144,6919.928571428572,45.714285714285715,258.4104091564984,0.7333333333333333,8249.5,False,True,43,10
2024-04-30,220,443,194,7431,135,407,False,False,False,False,False,False,False,False,False,False,False,False,False,7874,59,-32472,2.726679712981084,7558.285714285715,386.14285714285717,7172.142857142857,103.0,7303.428571428572,352.64285714285717,6950.785714285715,56.0,306.14569540200284,0.6958762886597938,8249.5,False,True,43,10
2024-05-01,197,437,295,7508,190,406,False,False,False,False,False,False,False,False,False,False,False,False,False,7945,105,-32367,0.9017018034036095,7661.428571428572,388.0,7273.428571428572,112.71428571428571,7361.428571428572,368.07142857142856,6993.357142857143,68.14285714285714,345.7321582883403,0.6440677966101694,8249.5,False,True,43,10
2024-05-02,206,411,293,7577,194,405,False,False,False,False,False,False,False,False,False,False,False,False,False,7988,99,-32268,0.5412208936437901,7746.285714285715,385.7142857142857,7360.571428571428,102.14285714285714,7440.928571428572,379.92857142857144,7061.0,78.57142857142857,353.1609927684186,0.6621160409556314,8249.5,False,True,43,10
2024-05-05,150,315,228,7447,332,404,False,False,False,False,False,False,False,False,False,False,False,False,False,7762,-104,-32372,-2.829243865798703,7778.142857142857,372.0,7406.142857142857,65.42857142857143,7496.5,380.7857142857143,7115.714285714285,72.21428571428571,336.5507734011481,1.456140350877193,8249.5,False,False,,0
2024-05-06,173,337,211,7449,205,403,False,False,False,False,False,False,False,False,False,False,False,False,False,7786,6,-32366,0.30919866013914277,7809.571428571428,369.14285714285717,7440.428571428572,49.714285714285715,7547.142857142857,376.85714285714283,7170.285714285715,69.64285714285714,321.5811554808941,0.9715639810426541,8249.5,False,True,45,8
2024-05-07,176,334,246,7566,163,402,False,False,False,False,False,False,False,False,False,False,False,False,False,7900,83,-32283,1.4641664526072518,7845.714285714285,367.0,7478.714285714285,45.142857142857146,7604.571428571428,374.2142857142857,7230.357142857143,72.21428571428571,306.241913999532,0.6626016260162602,8249.5,False,True,45,8
2024-05-08,167,374,205,7583,202,401,False,False,False,False,False,False,False,False,False,False,False,False,False,7957,3,-32280,0.7215189873417627,7887.428571428572,378.7142857142857,7508.714285714285,35.857142857142854,7669.357142857143,377.92857142857144,7291.428571428572,72.57142857142857,274.1545345078119,0.9853658536585366,8249.5,False,True,45,8
2024-05-09,138,285,268,7570,244,400,False,False,False,False,False,False,False,False,False,False,False,False,False,7855,24,-32256,-1.2818901596078902,7884.714285714285,356.14285714285717,7528.571428571428,30.857142857142858,7721.5,371.14285714285717,7350.357142857143,66.92857142857143,228.23124238365287,0.9104477611940298,8249.5,False,True,45,8
2024-05-12,138,301,263,7464,245,399,False,False,False,False,False,False,False,False,False,False,False,False,False,7765,18,-32238,-1.145767027371103,7859.0,336.7142857142857,7522.285714285715,18.428571428571427,7760.214285714285,362.35714285714283,7397.857142857143,65.57142857142857,177.49763966852464,0.9315589353612167,8249.5,False,True,45,8
2024-05-13,112,331,167,7499,157,398,False,False,False,False,False,False,False,False,False,False,False,False,False,7830,10,-32228,0.8370895041854398,7836.428571428572,325.2857142857143,7511.142857142857,5.714285714285714,7791.357142857143,355.5,7435.857142857143,53.92857142857143,143.24514068426677,0.9401197604790419,8249.5,False,True,45,8
2024-05-14,246,419,218,7546,186,397,False,False,False,False,False,False,False,False,False,False,False,False,False,7965,32,-32196,1.724137931034475,7865.428571428572,340.14285714285717,7525.285714285715,25.142857142857142,7821.785714285715,356.07142857142856,7465.714285714285,45.285714285714285,130.16390765925723,0.8532110091743119,8249.5,False,True,45,8
2024-05-15,115,285,341,7589,265,396,False,False,False,False,False,False,False,False,True,False,True,True,False,7874,76,-32120,-1.1424984306340202,7878.0,332.7142857142857,7545.285714285715,35.142857142857146,7843.785714285715,350.92857142857144,7492.857142857143,42.42857142857143,107.69556706206512,0.7771260997067448,8249.5,False,True,45,8
2024-05-16,206,340,214,7565,234,395,False,False,False,False,False,False,False,False,False,False,False,False,False,7905,-20,-32140,0.3937007874015741,7878.714285714285,333.57142857142856,7545.142857142857,20.428571428571427,7862.214285714285,350.2857142857143,7511.928571428572,32.785714285714285,92.42308949884712,1.0934579439252337,8249.5,False,False,,0
2024-05-19,143,295,278,7356,298,394,False,False,False,False,False,False,False,False,False,False,False,False,False,7651,-20,-32160,-3.2131562302340266,7835.0,322.2857142857143,7512.714285714285,17.142857142857142,7861.214285714285,350.5,7510.714285714285,26.5,94.767065498944,1.0719424460431655,8249.5,False,False,,0
2024-05-20,111,268,217,7368,192,393,False,False,False,False,False,False,False,False,False,False,False,False,False,7636,25,-32135,-0.19605280355509125,7803.714285714285,319.85714285714283,7483.857142857143,17.285714285714285,7844.214285714285,338.0,7506.214285714285,24.071428571428573,112.06535083212589,0.8847926267281107,8249.5,False,True,47,10
2024-05-21,196,348,176,7404,145,392,False,False,False,False,False,False,False,False,False,False,False,False,False,7752,31,-32104,1.5191199580932402,7801.857142857143,326.57142857142856,7475.285714285715,19.142857142857142,7830.428571428572,331.64285714285717,7498.785714285715,18.785714285714285,110.57452362416034,0.8238636363636364,8249.5,False,True,47,10
2024-05-22,168,349,272,7474,208,391,False,False,False,False,False,False,False,False,False,False,False,False,False,7823,64,-32040,0.9158926728586092,7800.857142857143,329.14285714285717,7471.714285714285,26.857142857142858,7818.642857142857,327.2142857142857,7491.428571428572,16.285714285714285,100.85374570120254,0.7647058823529411,8249.5,False,True,47,10
2024-05-23,193,272,314,7494,227,390,False,False,False,False,False,False,False,False,True,False,True,True,False,7766,87,-31953,-0.7286207337338646,7772.428571428572,308.14285714285717,7464.285714285715,34.714285714285715,7818.928571428572,324.14285714285717,7494.785714285715,29.928571428571427,100.68646252723622,0.7229299363057324,8249.5,False,True,47,10
2024-05-27,156,344,252,7365,167,389,False,False,False,False,False,False,False,False,False,False,False,False,False,7709,85,-31868,-0.7339685809940821,7748.857142857143,316.57142857142856,7432.285714285715,36.0,7813.428571428572,324.64285714285717,7488.785714285715,35.57142857142857,104.64865340426275,0.6626984126984127,8249.5,False,True,47,10
2024-05-28,153,348,239,7418,151,388,False,False,False,False,False,False,False,False,False,False,False,False,False,7766,88,-31780,0.7393955117395157,7729.0,317.7142857142857,7411.285714285715,51.42857142857143,7803.857142857143,325.64285714285717,7478.214285714285,35.92857142857143,102.22137149927957,0.6317991631799164,8249.5,False,True,47,10
2024-05-29,182,462,158,7491,141,387,False,False,False,False,False,False,False,False,False,False,False,False,False,7953,17,-31763,2.4079320113314484,7772.142857142857,341.57142857142856,7430.571428571428,56.714285714285715,7803.571428571428,331.92857142857144,7471.642857142857,36.92857142857143,101.76497378811051,0.8924050632911392,8249.5,False,True,47,10
2024-05-30,167,406,339,7563,190,386,False,False,False,False,False,False,False,False,False,False,False,False,False,7969,149,-31614,0.20118194392053645,7819.714285714285,361.2857142857143,7458.428571428572,74.42857142857143,7811.714285714285,340.57142857142856,7471.142857142857,45.857142857142854,110.39190924319809,0.56047197640118,8249.5,False,True,47,10
2024-06-02,159,330,322,7546,306,385,False,False,False,False,False,False,False,False,False,False,False,False,False,7876,16,-31598,-1.1670222110678918,7837.428571428572,358.7142857142857,7478.714285714285,72.28571428571429,7819.642857142857,342.64285714285717,7477.0,45.714285714285715,110.76420356411892,0.9503105590062112,8249.5,False,True,47,10
2024-06-03,109,244,257,7596,224,384,False,False,False,False,False,False,False,False,True,False,True,True,False,7840,33,-31565,-0.45708481462671813,7839.857142857143,343.7142857142857,7496.142857142857,67.85714285714286,7820.357142857143,336.42857142857144,7483.928571428572,47.357142857142854,110.86832601906862,0.8715953307392996,8249.5,False,True,47,10
2024-06-04,260,356,176,7565,203,383,False,False,False,False,False,False,False,False,False,False,False,False,False,7921,-27,-31592,1.033163265306114,7862.0,355.7142857142857,7506.285714285715,51.57142857142857,7817.214285714285,331.92857142857144,7485.285714285715,43.142857142857146,107.00911432880548,1.1534090909090908,8249.5,False,False,,0
2024-06-05,173,345,291,7691,198,382,False,False,False,False,False,False,False,False,False,False,False,False,False,8036,93,-31499,1.4518368892816547,7908.714285714285,355.85714285714283,7552.857142857143,52.714285714285715,7828.785714285715,336.2142857142857,7492.571428571428,44.357142857142854,121.41168272979918,0.6804123711340206,8249.5,False,False,49,2
2024-06-06,179,326,282,7741,238,381,False,False,False,False,False,False,False,False,False,False,False,False,False,8067,44,-31455,0.3857640617222602,7951.714285714285,352.7142857142857,7599.0,46.42857142857143,7840.357142857143,335.2142857142857,7505.142857142857,48.92857142857143,136.0693302597879,0.8439716312056738,8249.5,False,False,49,2
2024-06-09,116,289,166,7451,312,380,False,False,False,False,False,False,False,False,False,False,False,False,False,7740,-146,-31601,-4.0535515061361105,7921.285714285715,328.0,7593.285714285715,23.142857142857142,7846.714285714285,334.7857142857143,7511.928571428572,39.92857142857143,128.4052650318382,1.8795180722891567,8249.5,False,False,,0
2024-06-10,184,334,229,7439,212,379,False,False,False,False,False,False,False,False,False,False,False,False,False,7773,17,-31584,0.426356589147292,7893.285714285715,317.7142857142857,7575.571428571428,4.285714285714286,7856.5,339.5,7517.0,39.357142857142854,115.70369982775223,0.925764192139738,8249.5,False,False,51,3
2024-06-11,186,352,224,7493,156,378,False,False,False,False,False,False,False,False,False,False,False,False,False,7845,68,-31516,0.9262832883056626,7888.857142857143,320.85714285714283,7568.0,11.714285714285714,7863.142857142857,339.7857142857143,7523.357142857143,42.0,111.84801304432007,0.6964285714285714,8249.5,False,False,51,3
2024-06-12,152,266,274,7548,212,377,False,False,False,False,False,False,False,False,True,False,True,True,False,7814,62,-31454,-0.39515615041427754,7885.142857142857,324.0,7561.142857142857,15.857142857142858,7862.5,333.85714285714283,7528.642857142857,41.857142857142854,112.12201458157328,0.7737226277372263,8249.5,False,False,51,3
2024-06-13,167,293,230,7544,259,376,False,False,False,False,False,False,False,False,False,False,False,False,False,7837,-29,-31483,0.2943434860506855,7873.142857142857,315.0,7558.142857142857,15.571428571428571,7867.571428571428,335.35714285714283,7532.214285714285,33.57142857142857,108.98321274088494,1.126086956521739,8249.5,False,False,,0
2024-06-16,204,315,233,7307,294,375,False,False,False,False,False,False,False,False,False,False,False,False,False,7622,-61,-31544,-2.7433967079239507,7814.0,310.7142857142857,7503.285714285715,-6.428571428571429,7861.357142857143,333.2857142857143,7528.071428571428,23.142857142857142,120.58358552840222,1.261802575107296,8249.5,False,False,,0
2024-06-17,159,310,272,7318,224,374,False,False,False,False,False,False,False,False,False,False,False,False,False,7628,48,-31496,0.07871949619522312,7751.285714285715,308.42857142857144,7442.857142857143,-5.857142857142857,7851.5,330.57142857142856,7520.928571428572,20.285714285714285,133.88499657421224,0.8235294117647058,8249.5,False,False,53,4
2024-06-18,160,297,253,7340,214,373,False,False,False,False,False,False,False,False,False,False,False,False,False,7637,39,-31457,0.11798636601991763,7736.571428571428,309.57142857142856,7427.0,20.571428571428573,7828.928571428572,318.7857142857143,7510.142857142857,21.857142857142858,141.85662549837772,0.8458498023715415,8249.5,False,False,53,4
2024-06-19,204,321,246,7433,198,372,False,False,False,False,False,False,False,False,False,False,False,False,False,7754,48,-31409,1.5320151892104228,7733.857142857143,307.7142857142857,7426.142857142857,25.0,7813.571428571428,312.7142857142857,7500.857142857143,14.642857142857142,137.08375558008694,0.8048780487804879,8249.5,False,False,53,4
2024-06-20,145,247,243,7431,235,371,False,False,False,False,False,False,False,False,False,False,False,False,False,7678,8,-31401,-0.9801392829507316,7710.0,292.7142857142857,7417.285714285715,16.428571428571427,7799.428571428572,306.7857142857143,7492.642857142857,14.071428571428571,140.32309656131656,0.9670781893004116,8249.5,False,False,53,4
2024-06-23,102,227,201,7247,294,370,False,False,False,False,False,False,False,False,False,False,False,False,False,7474,-93,-31494,-2.6569419119562343,7661.428571428572,287.14285714285717,7374.285714285715,-5.714285714285714,7773.285714285715,305.57142857142856,7467.714285714285,5.071428571428571,164.23877016818867,1.462686567164179,8249.5,False,False,,0
2024-06-24,116,175,172,7239,202,369,False,False,False,False,False,False,False,False,False,False,False,False,False,7414,-30,-31524,-0.8027829810008047,7601.0,270.2857142857143,7330.714285714285,-5.857142857142857,7737.071428571428,292.64285714285717,7444.428571428572,4.857142857142857,183.88393675845683,1.1744186046511629,8249.5,False,False,,0
2024-06-25,172,263,191,7239,202,368,False,False,False,False,False,False,False,False,False,False,False,False,False,7502,-11,-31535,1.1869436201780381,7583.857142857143,262.85714285714283,7321.0,1.2857142857142858,7698.928571428572,286.7857142857143,7412.142857142857,-2.5714285714285716,172.1146595846575,1.057591623036649,8249.5,False,False,,0
2024-06-26,132,235,197,7268,187,367,False,False,False,False,False,False,False,False,False,False,False,False,False,7503,10,-31525,0.013329778725679198,7566.0,252.14285714285714,7313.857142857143,-4.142857142857143,7658.642857142857,280.2857142857143,7378.357142857143,-5.0,142.85420601372311,0.949238578680203,8249.5,False,False,55,1
2024-06-27,174,208,256,7248,268,366,False,False,False,False,False,False,False,False,True,False,True,True,False,7456,-12,-31537,-0.6264161002265789,7540.142857142857,239.42857142857142,7300.714285714285,-11.428571428571429,7638.357142857143,274.5,7363.857142857143,4.571428571428571,150.37880739742909,1.046875,8249.5,False,False,,0
2024-06-30,123,230,167,6874,273,365,False,False,False,False,False,False,False,False,False,False,False,False,False,7104,-106,-31643,-4.72103004291845,7447.285714285715,226.42857142857142,7220.857142857143,-33.42857142857143,7590.571428571428,267.07142857142856,7323.5,-4.214285714285714,201.80329885450215,1.6347305389221556,8249.5,False,False,,0
2024-07-01,123,233,159,6825,229,364,False,False,False,False,False,False,False,False,False,False,False,False,False,7058,-70,-31713,-0.6475225225225256,7358.714285714285,224.42857142857142,7134.285714285715,-44.57142857142857,7534.357142857143,258.57142857142856,7275.785714285715,-14.071428571428571,232.72255093624815,1.440251572327044,8249.5,False,False,,0
2024-07-02,141,232,188,6823,184,363,False,False,False,False,False,False,False,False,False,False,False,False,False,7055,4,-31709,-0.042504958911870894,7298.857142857143,225.14285714285714,7073.714285714285,-30.714285714285715,7480.142857142857,256.14285714285717,7224.0,-18.214285714285715,250.3093031685736,0.9787234042553191,8249.5,False,False,57,1
2024-07-04,158,226,191,6790,225,362,False,False,False,False,False,False,False,False,False,False,False,False,False,7016,-34,-31743,-0.5527994330262187,7242.0,232.42857142857142,7009.571428571428,-31.285714285714285,7421.5,251.35714285714286,7170.142857142857,-18.571428571428573,256.3722503884169,1.1780104712041886,8249.5,False,False,,0
2024-07-07,96,160,233,6599,213,361,False,False,False,False,False,False,False,False,True,False,True,True,False,6759,20,-31723,-3.6630558722919093,7135.857142857143,217.71428571428572,6918.142857142857,-26.857142857142858,7359.857142857143,240.28571428571428,7119.571428571428,-12.785714285714286,303.81620383757814,0.9141630901287554,8249.5,False,False,59,4
2024-07-08,141,173,129,6617,123,360,False,False,False,False,False,False,False,False,False,False,False,False,False,6790,6,-31717,0.458647728953987,7034.0,208.85714285714286,6825.142857142857,-27.428571428571427,7300.0,230.5,7069.5,-15.785714285714286,328.47339196769207,0.9534883720930233,8249.5,False,False,59,4
2024-07-09,116,181,182,6651,130,359,False,False,False,False,False,False,False,False,True,False,True,True,False,6832,52,-31665,0.6185567010309256,6944.857142857143,205.0,6739.857142857143,-18.285714285714285,7242.5,222.21428571428572,7020.285714285715,-14.857142857142858,335.32986056211564,0.7142857142857143,8249.5,False,False,59,4
2024-07-10,150,157,201,6649,177,358,False,False,False,False,False,False,False,False,True,False,True,True,False,6806,24,-31641,-0.38056206088993294,6902.285714285715,194.57142857142858,6707.714285714285,0.2857142857142857,7174.785714285715,210.5,6964.285714285715,-16.571428571428573,319.4353620835425,0.8805970149253731,8249.5,False,False,59,4
2024-07-11,80,176,125,6640,197,357,False,False,False,False,False,False,False,False,False,False,False,False,False,6816,-72,-31713,0.1469291801351691,6867.714285714285,186.42857142857142,6681.285714285715,0.0,7113.214285714285,205.42857142857142,6907.785714285715,-22.285714285714285,297.2870093597432,1.576,8249.5,False,False,,0
2024-07-14,116,188,164,6308,237,356,False,False,False,False,False,False,False,False,False,False,False,False,False,6496,-73,-31786,-4.694835680751175,6787.857142857143,180.14285714285714,6607.714285714285,-11.0,7043.357142857143,202.64285714285714,6840.714285714285,-20.857142857142858,320.024183495518,1.4451219512195121,8249.5,False,False,,0
2024-07-15,105,185,158,6283,171,355,False,False,False,False,False,False,False,False,False,False,False,False,False,6468,-13,-31799,-0.4310344827586188,6709.571428571428,174.28571428571428,6535.285714285715,-8.0,6975.785714285715,203.35714285714286,6772.428571428572,-19.642857142857142,335.25402047067837,1.0822784810126582,8249.5,False,False,,0
2024-07-16,136,246,123,6239,173,354,False,False,False,False,False,False,False,False,False,False,False,False,False,6485,-50,-31849,0.26283240568953925,6670.428571428572,186.57142857142858,6483.857142857143,-18.0,6903.142857142857,202.14285714285714,6701.0,-22.428571428571427,322.39842935837015,1.4065040650406504,8249.5,False,False,,0
2024-07-17,128,228,177,6228,187,353,False,False,False,False,False,False,False,False,False,False,False,False,False,6456,-10,-31859,-0.44718581341557373,6622.714285714285,194.42857142857142,6428.285714285715,-20.285714285714285,6828.357142857143,201.64285714285714,6626.714285714285,-23.857142857142858,292.6059590178316,1.0564971751412429,8249.5,False,False,,0
2024-07-21,90,196,205,6058,262,352,False,False,False,False,False,False,False,False,True,False,True,True,False,6254,-57,-31916,-3.1288723667905805,6540.142857142857,196.57142857142858,6343.571428571428,-35.857142857142854,6742.5,200.78571428571428,6541.714285714285,-27.071428571428573,269.7274265168141,1.278048780487805,8249.5,False,False,,0
2024-07-22,102,189,155,6002,234,351,False,False,False,False,False,False,False,False,False,False,False,False,False,6191,-79,-31995,-1.0073552926127327,6452.285714285715,201.14285714285714,6251.142857142857,-50.57142857142857,6677.285714285715,197.85714285714286,6479.428571428572,-25.142857142857142,285.5112630329684,1.5096774193548388,8249.5,False,False,,0
2024-07-23,120,257,126,5965,170,350,False,False,False,False,False,False,False,False,False,False,False,False,False,6222,-44,-32039,0.500726861573253,6367.428571428572,212.71428571428572,6154.714285714285,-46.57142857142857,6617.571428571428,199.57142857142858,6418.0,-23.285714285714285,287.1795777734033,1.3492063492063493,8249.5,False,False,,0
2024-07-24,137,272,166,5927,177,349,False,False,False,False,False,False,False,False,False,False,False,False,False,6199,-11,-32050,-0.3696560591449738,6325.0,224.71428571428572,6100.285714285715,-37.714285714285715,6556.428571428572,202.42857142857142,6354.0,-24.357142857142858,277.85682928878805,1.0662650602409638,8249.5,False,False,,0
2024-07-25,93,198,208,5954,194,348,False,False,False,False,False,False,False,False,True,False,True,True,False,6152,14,-32036,-0.7581868043232798,6279.857142857143,226.57142857142858,6053.285714285715,-33.857142857142854,6494.714285714285,200.42857142857142,6294.285714285715,-20.928571428571427,263.510743780807,0.9326923076923077,8249.5,False,False,61,1
2024-07-28,152,290,199,5743,207,347,False,False,False,False,False,False,False,False,False,False,False,False,False,6033,-8,-32044,-1.934330299089726,6215.285714285715,232.85714285714286,5982.428571428572,-27.857142857142858,6442.857142857143,209.71428571428572,6233.142857142857,-22.928571428571427,278.5094549266133,1.0402010050251256,8249.5,False,False,,0
2024-07-29,114,210,219,5819,163,346,False,False,False,False,False,False,False,False,True,False,True,True,False,6029,56,-31988,-0.06630200563566557,6154.285714285715,230.28571428571428,5924.0,-18.428571428571427,6388.5,212.35714285714286,6176.142857142857,-19.357142857142858,279.8050832550905,0.7442922374429224,8249.5,False,False,63,4
2024-07-30,125,203,208,5930,92,345,False,False,False,False,False,False,False,False,True,False,True,True,False,6133,116,-31872,1.724995853375355,6137.0,231.28571428571428,5905.714285714285,6.285714285714286,6338.571428571428,213.92857142857142,6124.642857142857,-14.785714285714286,255.92508347493524,0.4423076923076923,8249.5,False,False,63,4
2024-07-31,140,261,163,5963,154,344,False,False,False,False,False,False,False,False,False,False,False,False,False,6224,9,-31863,1.4837762921897868,6141.714285714285,241.57142857142858,5900.142857142857,18.857142857142858,6297.0,221.35714285714286,6075.642857142857,-15.857142857142858,218.72216306398715,0.9447852760736196,8249.5,False,False,63,4
2024-08-01,227,298,212,6016,169,343,False,False,False,False,False,False,False,False,False,False,False,False,False,6314,43,-31820,1.4460154241645151,6154.857142857143,247.42857142857142,5907.428571428572,31.285714285714285,6261.142857142857,230.07142857142858,6031.071428571428,-7.642857142857143,160.48956694722045,0.7971698113207547,8249.5,False,False,63,4
2024-08-04,63,167,143,5943,170,342,False,False,False,False,False,False,False,False,False,False,False,False,False,6110,-27,-31847,-3.230915426037373,6142.142857142857,232.42857142857142,5909.714285714285,29.0,6233.571428571428,228.57142857142858,6005.0,-4.357142857142857,149.84182136031689,1.1888111888111887,8249.5,False,False,,0
2024-08-05,172,259,138,5950,150,341,False,False,False,False,False,False,False,False,False,False,False,False,False,6209,-12,-31859,1.6202945990180018,6150.285714285715,241.14285714285714,5909.142857142857,25.285714285714285,6215.071428571428,233.85714285714286,5981.214285714285,-4.285714285714286,133.80207212708058,1.0869565217391304,8249.5,False,False,,0
2024-08-06,163,283,200,5998,143,340,False,False,False,False,False,False,False,False,False,False,False,False,False,6281,57,-31802,1.1596070220647459,6185.714285714285,240.14285714285714,5945.571428571428,34.57142857142857,6200.5,236.5,5964.0,3.357142857142857,111.37307366894265,0.715,8249.5,False,False,65,3
2024-08-07,135,273,207,6038,174,339,False,False,False,False,False,False,False,False,False,False,False,False,False,6311,33,-31769,0.4776309504855858,6226.0,249.14285714285714,5976.857142857143,31.285714285714285,6190.142857142857,239.71428571428572,5950.428571428572,6.428571428571429,90.58770263196996,0.8405797101449275,8249.5,False,False,65,3
2024-08-08,119,230,213,6084,174,338,False,False,False,False,False,False,False,False,False,False,False,False,False,6314,39,-31730,0.04753604816987167,6251.857142857143,253.0,5998.857142857143,20.285714285714285,6194.428571428572,242.14285714285714,5952.285714285715,13.285714285714286,95.14581060000255,0.8169014084507042,8249.5,False,False,65,3
2024-08-11,95,211,140,5894,249,337,False,False,False,False,False,False,False,False,False,False,False,False,False,6105,-109,-31839,-3.3101045296167197,6234.857142857143,245.85714285714286,5989.0,3.4285714285714284,6188.285714285715,243.71428571428572,5944.571428571428,11.142857142857142,98.11408475025394,1.7785714285714285,8249.5,False,False,,0
2024-08-12,109,219,155,5903,148,336,False,False,False,False,False,False,False,False,False,False,False,False,False,6122,7,-31832,0.27846027846027965,6207.428571428572,234.57142857142858,5972.857142857143,-1.7142857142857142,6181.142857142857,241.0,5940.142857142857,14.785714285714286,99.10589297304436,0.9548387096774194,8249.5,False,False,67,3
2024-08-13,162,239,189,5981,123,335,False,False,False,False,False,False,False,False,False,False,False,False,False,6220,66,-31766,1.6007840574975507,6223.142857142857,244.85714285714286,5978.285714285715,11.571428571428571,6182.642857142857,238.64285714285714,5944.0,20.285714285714285,99.55486090431148,0.6507936507936508,8249.5,False,False,67,3
2024-08-14,109,226,191,5987,178,334,False,False,False,False,False,False,False,False,False,False,False,False,False,6213,13,-31753,-0.11254019292604722,6223.714285714285,240.14285714285714,5983.571428571428,15.142857142857142,6187.0,240.64285714285714,5946.357142857143,20.214285714285715,99.44538508845456,0.9319371727748691,8249.5,False,False,67,3
2024-08-15,124,241,156,5895,220,333,False,False,False,False,False,False,False,False,False,False,False,False,False,6136,-64,-31817,-1.2393368742958266,6203.0,234.14285714285714,5968.857142857143,-2.142857142857143,6194.357142857143,237.14285714285714,5957.214285714285,16.214285714285715,90.59173603242698,1.4102564102564104,8249.5,False,False,,0
2024-08-18,86,244,235,5821,178,332,False,False,False,False,False,False,False,False,False,False,False,False,False,6065,57,-31760,-1.1571056062581464,6167.857142857143,230.0,5937.857142857143,1.2857142857142858,6196.928571428572,239.57142857142858,5957.357142857143,16.285714285714285,85.9279342828404,0.7574468085106383,8249.5,False,True,69,12
2024-08-19,176,254,162,5865,158,331,False,False,False,False,False,False,False,False,False,False,False,False,False,6119,4,-31756,0.8903544929925733,6140.0,233.42857142857142,5906.571428571428,-3.7142857142857144,6195.928571428572,243.21428571428572,5952.714285714285,8.285714285714286,86.80611843532955,0.9753086419753086,8249.5,False,True,69,12
2024-08-20,136,274,245,5995,112,330,False,False,False,False,False,False,False,False,False,False,False,False,False,6269,133,-31623,2.45138094459878,6163.428571428572,242.42857142857142,5921.0,30.857142857142858,6199.142857142857,244.14285714285714,5955.0,17.142857142857142,88.73717211119548,0.45714285714285713,8249.5,False,True,69,12
2024-08-21,134,245,167,6028,156,329,False,False,False,False,False,False,False,False,False,False,False,False,False,6273,11,-31612,0.06380602966979954,6185.0,246.14285714285714,5938.857142857143,31.428571428571427,6196.214285714285,240.35714285714286,5955.857142857143,14.857142857142858,85.2635539159604,0.9341317365269461,8249.5,False,True,69,12
2024-08-22,182,307,205,6054,171,328,False,False,False,False,False,False,False,False,False,False,False,False,False,6361,34,-31578,1.4028375577873398,6205.142857142857,255.85714285714286,5949.285714285715,26.857142857142858,6214.142857142857,250.35714285714286,5963.785714285715,19.214285714285715,91.87353945915679,0.8341463414634146,8249.5,False,True,69,12
2024-08-27,149,285,222,6152,97,327,False,False,False,False,False,False,False,False,False,False,False,False,False,6437,125,-31453,1.1947806948592987,6237.142857142857,264.2857142857143,5972.857142857143,42.857142857142854,6230.428571428572,252.21428571428572,5978.214285714285,29.0,109.42346414503717,0.4369369369369369,8249.5,False,True,69,12
2024-08-28,170,285,178,6227,134,326,False,False,False,False,False,False,False,False,False,False,False,False,False,6512,44,-31409,1.1651390399254336,6290.857142857143,270.57142857142856,6020.285714285715,58.285714285714285,6246.928571428572,252.35714285714286,5994.571428571428,28.071428571428573,132.5979836752081,0.7528089887640449,8249.5,False,True,69,12
2024-08-29,145,295,188,6250,169,325,False,False,False,False,False,False,False,False,False,False,False,False,False,6545,19,-31390,0.5067567567567544,6359.428571428572,277.85714285714283,6081.571428571428,52.857142857142854,6263.642857142857,253.92857142857142,6009.714285714285,27.071428571428573,154.27229031956696,0.898936170212766,8249.5,False,True,69,12
2024-09-02,133,270,198,6192,129,324,False,False,False,False,False,False,False,False,False,False,False,False,False,6462,69,-31321,-1.268143621084794,6408.428571428572,280.14285714285717,6128.285714285715,62.142857142857146,6274.214285714285,256.7857142857143,6017.428571428572,29.214285714285715,162.82230926875286,0.6515151515151515,8249.5,False,True,69,12
2024-09-03,131,263,177,6272,112,323,False,False,False,False,False,False,False,False,False,False,False,False,False,6535,65,-31256,1.1296812132466805,6446.428571428572,278.57142857142856,6167.857142857143,52.42857142857143,6304.928571428572,260.5,6044.428571428572,41.642857142857146,168.89070853239946,0.632768361581921,8249.5,False,True,69,12
2024-09-04,121,231,219,6375,114,322,False,False,False,False,False,False,False,False,False,False,False,False,False,6606,105,-31151,1.0864575363427775,6494.0,276.57142857142856,6217.428571428572,65.85714285714286,6339.5,261.35714285714283,6078.142857142857,48.642857142857146,177.86371186952064,0.5205479452054794,8249.5,False,True,69,12
2024-09-05,126,230,175,6448,121,321,False,False,False,False,False,False,False,False,False,False,False,False,False,6678,54,-31097,1.089918256130784,6539.285714285715,265.57142857142856,6273.714285714285,68.71428571428571,6372.214285714285,260.7142857142857,6111.5,47.785714285714285,195.44433737254263,0.6914285714285714,8249.5,False,True,69,12
2024-09-08,123,255,164,6312,221,320,False,False,False,False,False,False,False,False,False,False,False,False,False,6567,-57,-31154,-1.6621743036837389,6557.857142857143,261.2857142857143,6296.571428571428,42.714285714285715,6397.5,262.7857142857143,6134.714285714285,42.785714285714285,196.15957005224013,1.3475609756097562,8249.5,False,False,,0
2024-09-09,144,275,190,6353,141,319,False,False,False,False,False,False,False,False,False,False,False,False,False,6628,49,-31105,0.928886858535094,6574.428571428572,259.85714285714283,6314.571428571428,43.42857142857143,6432.642857142857,265.2142857142857,6167.428571428572,50.857142857142854,189.67162195707147,0.7421052631578947,8249.5,False,False,71,3
2024-09-10,131,251,180,6396,148,318,False,False,False,False,False,False,False,False,False,False,False,False,False,6647,32,-31073,0.28666264333132574,6589.0,253.57142857142858,6335.428571428572,45.285714285714285,6474.214285714285,265.7142857142857,6208.5,49.07142857142857,165.08094917409755,0.8222222222222222,8249.5,False,False,71,3
2024-09-11,93,248,175,6410,162,317,False,False,False,False,False,False,False,False,False,False,False,False,False,6658,13,-31060,0.16548819016097838,6617.0,250.42857142857142,6366.571428571428,37.285714285714285,6512.714285714285,265.2857142857143,6247.428571428572,49.714285714285715,136.19015471669985,0.9257142857142857,8249.5,False,False,71,3
2024-09-12,184,280,210,6360,220,316,False,False,False,False,False,False,False,False,False,False,False,False,False,6640,-10,-31070,-0.270351456893958,6632.0,252.85714285714286,6379.142857142857,26.571428571428573,6539.214285714285,265.7142857142857,6273.5,39.5,120.28631137123023,1.0476190476190477,8249.5,False,False,,0
2024-09-13,81,200,212,6326,279,315,False,False,False,False,False,False,False,False,True,False,True,True,False,6526,-67,-31137,-1.7168674698795128,6620.571428571428,248.42857142857142,6372.142857142857,2.0,6557.285714285715,262.5,6294.785714285715,33.92857142857143,93.16109172282435,1.3160377358490567,8249.5,False,False,,0
2024-09-15,98,220,167,6234,210,314,False,False,False,False,False,False,False,False,False,False,False,False,False,6454,-43,-31180,-1.1032791909285966,6588.571428571428,247.0,6341.571428571428,-11.857142857142858,6563.928571428572,256.2857142857143,6307.642857142857,28.428571428571427,80.55047560926296,1.2574850299401197,8249.5,False,False,,0
2024-09-16,113,209,160,6229,164,313,False,False,False,False,False,False,False,False,False,False,False,False,False,6438,-4,-31184,-0.24790827393864623,6570.142857142857,240.42857142857142,6329.714285714285,-4.285714285714286,6564.0,250.85714285714286,6313.142857142857,19.214285714285715,80.42961567061239,1.025,8249.5,False,False,,0
2024-09-17,159,304,139,6227,160,312,False,False,False,False,False,False,False,False,False,False,False,False,False,6531,-21,-31205,1.4445479962721386,6556.285714285715,244.57142857142858,6311.714285714285,-14.285714285714286,6565.357142857143,252.21428571428572,6313.142857142857,14.571428571428571,79.64112499963889,1.1510791366906474,8249.5,False,False,,0
2024-09-18,116,213,217,6245,149,311,False,False,False,False,False,False,False,False,True,False,True,True,False,6458,68,-31137,-1.1177461338233052,6529.285714285715,239.14285714285714,6290.142857142857,-9.142857142857142,6559.142857142857,246.35714285714286,6312.785714285715,18.071428571428573,84.59210468964359,0.6866359447004609,8249.5,False,False,73,1
2024-09-19,93,196,169,6270,188,310,False,False,False,False,False,False,False,False,False,False,False,False,False,6466,-19,-31156,0.12387736141219463,6501.857142857143,231.71428571428572,6270.142857142857,-13.714285714285714,6559.428571428572,241.07142857142858,6318.357142857143,11.785714285714286,84.24480288531898,1.1124260355029585,8249.5,False,False,,0
2024-09-22,124,234,161,5989,197,309,False,False,False,False,False,False,False,False,False,False,False,False,False,6223,-36,-31192,-3.7581193937519353,6442.285714285715,225.14285714285714,6217.142857142857,-17.428571428571427,6537.142857142857,239.0,6298.142857142857,4.571428571428571,123.38112132291955,1.2236024844720497,8249.5,False,False,,0
2024-09-23,92,203,173,6002,165,308,False,False,False,False,False,False,False,False,False,False,False,False,False,6205,8,-31184,-0.28924955809095376,6396.428571428572,225.57142857142858,6170.857142857143,-6.714285714285714,6508.5,237.0,6271.5,-2.357142857142857,149.86904540041374,0.953757225433526,8249.5,False,False,75,3
2024-09-24,186,259,172,6023,143,307,False,False,False,False,False,False,False,False,False,False,False,False,False,6282,29,-31155,1.2409347300563978,6371.857142857143,231.14285714285714,6140.714285714285,3.5714285714285716,6480.214285714285,239.07142857142858,6241.142857142857,-4.142857142857143,152.75932733523405,0.8313953488372093,8249.5,False,False,75,3
2024-09-25,154,225,220,6050,169,306,False,False,False,False,False,False,False,False,False,False,False,False,False,6275,51,-31104,-0.11142948105699046,6348.571428571428,233.42857142857142,6115.142857142857,11.428571428571429,6459.357142857143,236.92857142857142,6222.428571428572,3.5714285714285716,159.7717637241262,0.7681818181818182,8249.5,False,False,75,3
2024-09-26,91,199,172,6090,185,305,False,False,False,False,False,False,False,False,False,False,False,False,False,6289,-13,-31117,0.223107569721126,6314.0,218.42857142857142,6095.571428571428,12.571428571428571,6435.142857142857,231.5,6203.642857142857,-0.8571428571428571,157.92493696148088,1.0755813953488371,8249.5,False,False,,0
2024-09-29,81,213,153,5925,177,304,False,False,False,False,False,False,False,False,False,False,False,False,False,6138,-24,-31141,-2.401017649864845,6268.285714285715,218.42857142857142,6049.857142857143,-0.5714285714285714,6398.785714285715,228.78571428571428,6170.0,-4.857142857142857,163.87808722501663,1.1568627450980393,8249.5,False,False,,0
2024-09-30,209,285,184,5967,138,303,False,False,False,False,False,False,False,False,False,False,False,False,False,6252,46,-31095,1.8572825024437911,6237.714285714285,231.14285714285714,6006.571428571428,8.714285714285714,6369.785714285715,231.42857142857142,6138.357142857143,-2.5,149.79687712234735,0.75,8249.5,False,False,77,3
2024-10-01,184,314,217,6040,137,302,False,False,False,False,False,False,False,False,False,False,False,False,False,6354,80,-31015,1.6314779270633295,6256.428571428572,242.57142857142858,6013.857142857143,25.285714285714285,6349.357142857143,233.85714285714286,6115.5,3.9285714285714284,128.0322117779384,0.631336405529954,8249.5,False,False,77,3
2024-10-02,107,215,230,6091,173,301,False,False,False,False,False,False,False,False,True,False,True,True,False,6306,57,-30958,-0.7554296506137814,6270.857142857143,244.28571428571428,6026.571428571428,32.285714285714285,6333.642857142857,234.92857142857142,6098.714285714285,12.785714285714286,117.77397331844027,0.7521739130434782,8249.5,False,False,77,3
2024-10-03,101,162,178,6118,193,300,False,False,False,False,False,False,False,False,True,False,True,True,False,6280,-15,-30973,-0.4123057405645447,6270.571428571428,230.42857142857142,6040.142857142857,26.0,6321.214285714285,230.78571428571428,6090.428571428572,14.785714285714286,113.18750853303644,1.0842696629213484,8249.5,False,False,,0
2024-10-07,99,190,176,5968,153,299,False,False,False,False,False,False,False,False,False,False,False,False,False,6158,23,-30950,-1.942675159235674,6253.857142857143,225.42857142857142,6028.428571428572,22.0,6301.214285714285,229.42857142857142,6071.785714285715,16.714285714285715,115.67472868845356,0.8693181818181818,8249.5,False,False,79,4
2024-10-08,167,239,166,6013,123,298,False,False,False,False,False,False,False,False,False,False,False,False,False,6252,43,-30907,1.5264696329977179,6248.571428571428,231.14285714285714,6017.428571428572,30.0,6281.285714285715,224.78571428571428,6056.5,21.285714285714285,95.27646296756221,0.7409638554216867,8249.5,False,False,79,4
2024-10-09,115,216,169,6047,137,297,False,False,False,False,False,False,False,False,False,False,False,False,False,6263,32,-30875,0.175943698016634,6266.428571428572,231.57142857142858,6034.857142857143,38.0,6267.357142857143,225.0,6042.357142857143,18.714285714285715,80.57448264030222,0.8106508875739645,8249.5,False,False,79,4
2024-10-10,84,158,193,6075,159,296,False,False,False,False,False,False,False,False,True,False,True,True,False,6233,34,-30841,-0.4790036723614888,6263.714285714285,213.42857142857142,6050.285714285715,36.285714285714285,6250.714285714285,222.28571428571428,6028.428571428572,22.5,57.003952051203946,0.8238341968911918,8249.5,False,False,79,4
2024-10-13,130,227,192,5889,210,295,False,False,False,False,False,False,False,False,False,False,False,False,False,6116,-18,-30859,-1.8771057275790204,6229.714285714285,201.0,6028.714285714285,22.285714285714285,6243.071428571428,221.78571428571428,6021.285714285715,23.785714285714285,67.25664312141654,1.09375,8249.5,False,False,,0
2024-10-14,88,214,160,5935,106,294,False,False,False,False,False,False,False,False,False,False,False,False,False,6149,54,-30805,0.5395683453237377,6207.285714285715,200.85714285714286,6006.428571428572,21.857142857142858,6239.071428571428,222.57142857142858,6016.5,27.071428571428573,71.24223497309484,0.6625,8249.5,False,True,81,8
2024-10-15,113,208,159,6013,107,293,False,False,False,False,False,False,False,False,False,False,False,False,False,6221,52,-30753,1.170922101154659,6198.857142857143,207.42857142857142,5991.428571428572,31.428571428571427,6234.714285714285,218.92857142857142,6015.785714285715,28.714285714285715,70.27356278416028,0.6729559748427673,8249.5,False,True,81,8
2024-10-16,174,285,150,6036,129,292,False,False,False,False,False,False,False,False,False,False,False,False,False,6321,21,-30732,1.6074586079408482,6222.142857142857,221.0,6001.142857142857,31.142857142857142,6238.0,223.21428571428572,6014.785714285715,26.571428571428573,73.31176839103681,0.86,8249.5,False,True,81,8
2024-10-17,104,230,206,6076,160,291,False,False,False,False,False,False,False,False,False,False,False,False,False,6306,46,-30686,-0.23730422401518902,6229.857142857143,219.71428571428572,6010.142857142857,31.571428571428573,6239.214285714285,225.42857142857142,6013.785714285715,30.785714285714285,74.35484420768073,0.7766990291262136,8249.5,False,True,81,8
2024-10-20,147,276,214,5918,195,290,False,False,False,False,False,False,False,False,False,False,False,False,False,6194,19,-30667,-1.776086267047261,6220.0,228.28571428571428,5991.714285714285,29.714285714285715,6243.214285714285,229.92857142857142,6013.285714285715,33.857142857142854,69.86159787142294,0.9112149532710281,8249.5,False,True,81,8
2024-10-21,108,220,213,5966,154,289,False,False,False,False,False,False,False,False,False,False,False,False,False,6186,59,-30608,-0.12915724895059544,6213.285714285715,237.14285714285714,5976.142857142857,33.285714285714285,6238.5,225.28571428571428,6013.214285714285,34.785714285714285,71.43232407728699,0.7230046948356808,8249.5,False,True,81,8
2024-10-22,180,280,146,6043,109,288,False,False,False,False,False,False,False,False,False,False,False,False,False,6323,37,-30571,2.2146783058519137,6242.857142857143,244.71428571428572,5998.142857142857,41.142857142857146,6236.285714285715,222.85714285714286,6013.428571428572,31.714285714285715,67.97333025811885,0.7465753424657534,8249.5,False,True,81,8
2024-10-23,134,294,186,6077,138,287,False,False,False,False,False,False,False,False,False,False,False,False,False,6371,48,-30523,0.7591333227898067,6274.571428571428,256.14285714285717,6018.428571428572,40.285714285714285,6240.928571428572,228.5,6012.428571428572,31.071428571428573,74.96200502793253,0.7419354838709677,8249.5,False,True,81,8
2024-10-27,202,313,158,5974,192,286,False,False,False,False,False,False,False,False,False,False,False,False,False,6287,-34,-30557,-1.318474336838804,6284.0,271.14285714285717,6012.857142857143,28.0,6241.428571428572,239.28571428571428,6002.142857142857,29.714285714285715,75.26539125577371,1.2151898734177216,8249.5,False,False,,0
2024-10-28,110,272,193,6008,156,285,False,False,False,False,False,False,False,False,False,False,False,False,False,6280,37,-30520,-0.11134086209638738,6278.142857142857,269.2857142857143,6008.857142857143,30.285714285714285,6250.142857142857,245.14285714285714,6005.0,30.714285714285715,71.84797748118797,0.8082901554404145,8249.5,False,False,83,3
2024-10-29,166,277,229,6106,126,284,False,False,False,False,False,False,False,False,False,False,False,False,False,6383,103,-30417,1.6401273885350287,6289.142857142857,276.0,6013.142857142857,38.42857142857143,6259.5,247.85714285714286,6011.642857142857,35.0,80.15825692872463,0.5502183406113537,8249.5,False,False,83,3
2024-10-30,136,276,178,6149,160,283,False,False,False,False,False,False,False,False,False,False,False,False,False,6425,18,-30399,0.6579978066739711,6322.142857142857,276.0,6046.142857142857,38.285714285714285,6271.071428571428,252.14285714285714,6018.928571428572,34.0,91.58137557196578,0.898876404494382,8249.5,False,False,83,3
2024-10-31,87,246,173,6148,177,282,False,False,False,False,False,False,False,False,False,False,False,False,False,6394,-4,-30403,-0.4824902723735369,6351.857142857143,279.7142857142857,6072.142857142857,29.285714285714285,6282.571428571428,258.42857142857144,6024.142857142857,31.285714285714285,96.41394272434499,1.023121387283237,8249.5,False,False,,0
2024-11-03,84,171,157,5990,184,281,False,False,False,False,False,False,False,False,False,False,False,False,False,6161,-27,-30430,-3.6440412887081663,6328.714285714285,264.14285714285717,6064.571428571428,20.142857142857142,6285.785714285715,254.42857142857142,6031.357142857143,30.642857142857142,91.03353445631603,1.1719745222929936,8249.5,False,False,,0
2024-11-04,167,209,157,6007,132,280,False,False,False,False,False,False,False,False,False,False,False,False,False,6216,25,-30405,0.8927122220418804,6306.571428571428,252.0,6054.571428571428,16.857142857142858,6290.571428571428,254.07142857142858,6036.5,28.571428571428573,84.83986208031578,0.8407643312101911,8249.5,False,True,85,8
2024-11-05,109,245,159,6045,126,279,False,False,False,False,False,False,False,False,False,False,False,False,False,6290,33,-30372,1.1904761904761862,6307.0,242.28571428571428,6064.714285714285,26.428571428571427,6295.5,256.7142857142857,6038.785714285715,27.214285714285715,82.45814789243617,0.7924528301886793,8249.5,False,True,85,8
2024-11-06,156,256,176,6086,137,278,False,False,False,False,False,False,False,False,False,False,False,False,False,6342,39,-30333,0.8267090620031725,6315.857142857143,240.0,6075.857142857143,26.714285714285715,6297.0,254.64285714285714,6042.357142857143,28.5,83.14584036039004,0.7784090909090909,8249.5,False,True,85,8
2024-11-07,125,232,192,6084,177,277,False,False,False,False,False,False,False,False,False,False,False,False,False,6316,15,-30318,-0.40996531062755803,6306.285714285715,233.57142857142858,6072.714285714285,14.142857142857142,6297.714285714285,254.78571428571428,6042.928571428572,26.285714285714285,83.2719627499224,0.921875,8249.5,False,True,85,8
2024-11-11,118,139,168,5963,145,276,False,False,False,False,False,False,False,False,True,False,True,True,False,6102,23,-30295,-3.3882203926535737,6260.142857142857,214.0,6046.142857142857,14.857142857142858,6291.142857142857,245.0,6046.142857142857,26.571428571428573,94.90388428695665,0.8630952380952381,8249.5,False,True,85,8
2024-11-12,142,235,139,5975,138,275,False,False,False,False,False,False,False,False,False,False,False,False,False,6210,1,-30294,1.7699115044247815,6233.857142857143,212.42857142857142,6021.428571428572,15.571428571428571,6292.857142857143,246.07142857142858,6046.785714285715,22.428571428571427,93.05734968112459,0.9928057553956835,8249.5,False,True,85,8
2024-11-13,148,245,175,5966,151,274,False,False,False,False,False,False,False,False,False,False,False,False,False,6211,24,-30270,0.016103059581329404,6241.0,223.0,6018.0,22.857142857142858,6284.857142857143,243.57142857142858,6041.285714285715,21.5,95.05937993849231,0.8628571428571429,8249.5,False,True,85,8
2024-11-14,119,219,210,6025,172,273,False,False,False,False,False,False,False,False,False,False,False,False,False,6244,38,-30232,0.5313154081468374,6245.0,224.42857142857142,6020.571428571428,24.714285714285715,6275.785714285715,238.21428571428572,6037.571428571428,20.785714285714285,92.22395698387339,0.819047619047619,8249.5,False,True,85,8
2024-11-17,105,210,149,5816,195,272,False,False,False,False,False,False,False,False,False,False,False,False,False,6026,-46,-30278,-3.49135169762973,6207.285714285715,219.42857142857142,5987.857142857143,13.428571428571429,6257.142857142857,230.85714285714286,6026.285714285715,19.928571428571427,113.6694649092389,1.308724832214765,8249.5,False,False,,0
2024-11-18,143,203,163,5819,138,271,False,False,False,False,False,False,False,False,False,False,False,False,False,6022,25,-30253,-0.06637902422834685,6161.571428571428,211.85714285714286,5949.714285714285,11.428571428571429,6238.714285714285,225.92857142857142,6012.785714285715,19.071428571428573,129.49156703844363,0.8466257668711656,8249.5,False,False,87,3
2024-11-19,119,209,152,5844,146,270,False,False,False,False,False,False,False,False,False,False,False,False,False,6053,6,-30247,0.5147791431418192,6124.0,208.57142857142858,5915.428571428572,10.142857142857142,6215.142857142857,221.07142857142858,5994.071428571428,12.142857142857142,131.23018950443122,0.9605263157894737,8249.5,False,False,87,3
2024-11-20,155,212,181,5879,148,269,False,False,False,False,False,False,False,False,False,False,False,False,False,6091,33,-30214,0.6277878737815934,6122.428571428572,219.0,5903.428571428572,11.571428571428571,6191.285714285715,216.5,5974.785714285715,13.214285714285714,120.02591295310606,0.8176795580110497,8249.5,False,False,87,3
2024-11-21,109,214,173,5850,210,268,False,False,False,False,False,False,False,False,False,False,False,False,False,6064,-37,-30251,-0.44327696601543787,6101.571428571428,216.0,5885.571428571428,6.142857142857143,6167.714285714285,214.21428571428572,5953.5,10.857142857142858,109.05568695464801,1.2138728323699421,8249.5,False,False,,0
2024-11-24,191,283,192,5664,207,267,False,False,False,False,False,False,False,False,False,False,False,False,False,5947,-15,-30266,-1.9294195250659674,6063.857142857143,221.42857142857142,5842.428571428572,0.5714285714285714,6152.428571428572,222.21428571428572,5930.214285714285,11.714285714285714,124.03765823066918,1.078125,8249.5,False,False,,0
2024-11-25,170,297,196,5715,129,266,False,False,False,False,False,False,False,False,False,False,False,False,False,6012,67,-30199,1.0929880612073228,6030.714285714285,232.57142857142858,5798.142857142857,4.714285714285714,6137.857142857143,228.5,5909.357142857143,14.714285714285714,127.91695451641735,0.6581632653061225,8249.5,False,True,89,10
2024-11-26,152,272,214,5826,112,265,False,False,False,False,False,False,False,False,False,False,False,False,False,6098,102,-30097,1.4304723885562254,6041.0,241.42857142857142,5799.571428571428,25.857142857142858,6124.142857142857,230.42857142857142,5893.714285714285,19.642857142857142,120.42352002757762,0.5233644859813084,8249.5,False,True,89,10
2024-11-27,239,367,224,5862,211,264,False,False,False,False,False,False,False,False,False,False,False,False,False,6229,13,-30084,2.1482453263365064,6070.571428571428,264.85714285714283,5805.714285714285,24.142857142857142,6116.071428571428,238.35714285714286,5877.714285714285,17.785714285714285,107.82640199432304,0.9419642857142857,8249.5,False,True,89,10
2024-11-28,113,280,237,5963,143,263,False,False,False,False,False,False,False,False,False,False,False,False,False,6243,94,-29990,0.224755177396041,6097.714285714285,275.0,5822.714285714285,36.714285714285715,6110.857142857143,241.78571428571428,5869.071428571428,23.428571428571427,98.80194419055056,0.6033755274261603,8249.5,False,True,89,10
2024-12-01,196,306,187,5986,149,262,False,False,False,False,False,False,False,False,False,False,False,False,False,6292,38,-29952,0.7848790645522907,6126.428571428572,288.42857142857144,5838.0,37.42857142857143,6124.428571428572,253.71428571428572,5870.714285714285,24.5,109.9158519300228,0.7967914438502673,8249.5,False,True,89,10
2024-12-02,236,330,222,6061,115,261,False,False,False,False,False,False,False,False,False,False,False,False,False,6391,107,-29845,1.573426573426584,6173.142857142857,305.0,5868.142857142857,58.0,6137.357142857143,260.5,5876.857142857143,32.07142857142857,129.63179046402544,0.5180180180180181,8249.5,False,True,89,10
2024-12-03,81,230,242,6192,107,260,False,False,False,False,False,False,False,False,True,False,True,True,False,6422,135,-29710,0.48505711156312525,6241.0,297.42857142857144,5943.571428571428,79.42857142857143,6152.428571428572,259.42857142857144,5893.0,40.0,149.58286321313864,0.44214876033057854,8249.5,False,True,89,10
2024-12-04,118,245,160,6269,115,259,False,False,False,False,False,False,False,False,False,False,False,False,False,6514,45,-29665,1.4325755216443525,6312.714285714285,290.0,6022.714285714285,76.28571428571429,6171.714285714285,261.2857142857143,5910.428571428572,40.5,177.16069566334193,0.71875,8249.5,False,True,89,10
2024-12-05,218,283,208,6310,150,258,False,False,False,False,False,False,False,False,False,False,False,False,False,6593,58,-29607,1.2127724900214965,6383.428571428572,291.57142857142856,6091.857142857143,70.0,6212.214285714285,266.5,5945.714285714285,47.92857142857143,204.0554896520777,0.7211538461538461,8249.5,False,True,89,10
2024-12-08,132,243,183,6286,172,257,False,False,False,False,False,False,False,False,False,False,False,False,False,6529,11,-29596,-0.9707265281359012,6426.285714285715,273.85714285714283,6152.428571428572,69.71428571428571,6248.428571428572,269.35714285714283,5979.071428571428,46.92857142857143,212.51487342907788,0.9398907103825137,8249.5,False,True,89,10
2024-12-09,224,315,152,6268,174,256,False,False,False,False,False,False,False,False,False,False,False,False,False,6583,-22,-29618,0.8270791851738402,6474.857142857143,278.85714285714283,6196.0,53.142857142857146,6286.285714285715,276.92857142857144,6009.357142857143,44.92857142857143,222.01781930267865,1.144736842105263,8249.5,False,False,,0
2024-12-10,167,326,213,6310,149,255,False,False,False,False,False,False,False,False,False,False,False,False,False,6636,64,-29554,0.8051040559015732,6524.0,281.7142857142857,6242.285714285715,56.857142857142854,6325.214285714285,285.07142857142856,6040.142857142857,47.142857142857146,232.6672032593581,0.6995305164319249,8249.5,False,False,91,3
2024-12-11,209,353,232,6402,152,254,False,False,False,False,False,False,False,False,False,False,False,False,False,6755,80,-29474,1.793248945147674,6576.0,285.0,6291.0,53.0,6374.571428571428,295.0,6079.571428571428,55.5,245.9079609828203,0.6551724137931034,8249.5,False,False,91,3
2024-12-12,153,253,286,6481,194,253,False,False,False,False,False,False,False,False,True,False,True,True,False,6734,92,-29382,-0.31088082901554737,6620.571428571428,288.2857142857143,6332.285714285715,46.857142857142854,6430.785714285715,292.85714285714283,6137.928571428572,63.142857142857146,230.0920145612122,0.6783216783216783,8249.5,False,False,91,3
2024-12-15,180,337,219,6408,224,252,False,False,False,False,False,False,False,False,False,False,False,False,False,6745,-5,-29387,0.16335016335016217,6653.571428571428,301.42857142857144,6352.142857142857,39.714285714285715,6483.142857142857,295.7142857142857,6187.428571428572,58.0,209.98566146758446,1.0228310502283104,8249.5,False,False,,0
2024-12-16,133,287,189,6454,149,251,False,False,False,False,False,False,False,False,False,False,False,False,False,6741,40,-29347,-0.05930318754633346,6674.714285714285,302.0,6372.714285714285,37.142857142857146,6529.071428571428,296.7857142857143,6232.285714285715,53.57142857142857,188.48483484628952,0.7883597883597884,8249.5,False,False,93,3
2024-12-17,187,310,247,6506,151,250,False,False,False,False,False,False,False,False,False,False,False,False,False,6816,96,-29251,1.1125945705384943,6715.714285714285,311.57142857142856,6404.142857142857,49.285714285714285,6571.0,292.7142857142857,6278.285714285715,59.5,181.76866108833343,0.611336032388664,8249.5,False,False,93,3
2024-12-18,168,285,210,6598,134,249,False,False,False,False,False,False,False,False,False,False,False,False,False,6883,76,-29175,0.9829812206572752,6758.571428571428,307.2857142857143,6451.285714285715,63.285714285714285,6616.714285714285,293.07142857142856,6323.642857142857,58.214285714285715,173.20971218613232,0.638095238095238,8249.5,False,False,93,3
2024-12-19,269,412,204,6600,238,248,False,False,False,False,False,False,False,False,False,False,False,False,False,7012,-34,-29209,1.8741827691413526,6812.285714285715,319.57142857142856,6492.714285714285,49.285714285714285,6668.142857142857,300.64285714285717,6367.5,53.07142857142857,176.2436500297858,1.1666666666666667,8249.5,False,False,,0
2024-12-22,100,255,236,6595,268,247,False,False,False,False,False,False,False,False,False,False,False,False,False,6850,-32,-29241,-2.310325156873927,6825.857142857143,305.57142857142856,6520.285714285715,33.285714285714285,6700.928571428572,295.2857142857143,6405.642857142857,43.142857142857146,162.91076570446285,1.1355932203389831,8249.5,False,False,,0
2024-12-23,205,294,177,6548,231,246,False,False,False,False,False,False,False,False,False,False,False,False,False,6842,-54,-29295,-0.11678832116788218,6841.285714285715,311.42857142857144,6529.857142857143,12.428571428571429,6730.928571428572,299.85714285714283,6431.071428571428,29.642857142857142,145.3163468414234,1.305084745762712,8249.5,False,False,,0
2024-12-24,161,304,211,6622,155,245,False,False,False,False,False,False,False,False,False,False,False,False,False,6926,56,-29239,1.2277111955568465,6867.142857142857,306.7142857142857,6560.428571428572,21.142857142857142,6760.357142857143,304.07142857142856,6456.285714285715,30.428571428571427,139.611883527061,0.7345971563981043,8249.5,False,False,95,3
2024-12-25,57,162,193,6689,107,244,False,False,False,False,False,False,False,False,True,False,True,True,False,6851,86,-29153,-1.082876118971987,6882.857142857143,288.85714285714283,6594.0,27.714285714285715,6778.785714285715,295.42857142857144,6483.357142857143,32.42857142857143,132.67727100658004,0.5544041450777202,8249.5,False,False,95,3
2024-12-26,80,122,152,6707,135,243,False,False,False,False,False,False,False,False,True,False,True,True,False,6829,17,-29136,-0.3211210042329604,6884.714285714285,262.0,6622.714285714285,16.428571428571427,6800.214285714285,286.7857142857143,6513.428571428572,32.857142857142854,111.81796922567074,0.8881578947368421,8249.5,False,False,95,3
2024-12-29,107,170,133,6465,216,242,False,False,False,False,False,False,False,False,False,False,False,False,False,6635,-83,-29219,-2.8408258895885163,6849.285714285715,245.57142857142858,6603.714285714285,-6.285714285714286,6803.928571428572,276.42857142857144,6527.5,28.5,104.68374665238888,1.6240601503759398,8249.5,False,False,,0
2024-12-30,99,156,139,6454,177,241,False,False,False,False,False,False,False,False,False,False,False,False,False,6610,-38,-29257,-0.37678975131876236,6791.857142857143,209.0,6582.857142857143,-6.857142857142857,6802.071428571428,264.2857142857143,6537.785714285715,21.214285714285715,108.06797311498708,1.2733812949640289,8249.5,False,False,,0
2025-01-01,25,66,94,6405,144,240,False,False,False,False,False,False,False,False,True,False,True,True,False,6471,-50,-29307,-2.1028744326777593,6737.714285714285,182.0,6555.714285714285,-9.428571428571429,6781.785714285715,243.78571428571428,6538.0,11.928571428571429,139.6298285144839,1.5319148936170213,8249.5,False,False,,0
2025-01-02,35,70,53,6292,170,239,False,False,False,False,False,False,False,False,False,False,False,False,False,6362,-117,-29424,-1.6844382630196275,6669.142857142857,150.0,6519.142857142857,-18.428571428571427,6755.214285714285,230.71428571428572,6524.5,-3.0,179.20902216788457,3.207547169811321,8249.5,False,False,,0
2025-01-05,43,73,64,5882,185,238,False,False,False,False,False,False,False,False,False,False,False,False,False,5955,-121,-29545,-6.397359320968254,6530.428571428572,117.0,6413.428571428572,-43.714285714285715,6698.785714285715,211.85714285714286,6486.928571428572,-11.285714285714286,279.1699726445709,2.890625,8249.5,False,False,,0
2025-01-06,41,60,71,5769,190,237,False,False,False,False,False,False,False,False,True,False,True,True,False,5829,-119,-29664,-2.1158690176322437,6384.428571428572,102.42857142857143,6282.0,-73.0,6633.642857142857,195.64285714285714,6438.0,-22.642857142857142,362.523337634515,2.676056338028169,8249.5,False,False,,0
2025-01-07,65,83,65,5703,133,236,False,False,False,False,False,False,False,False,False,False,False,False,False,5786,-68,-29732,-0.7376908560645101,6235.428571428572,96.85714285714286,6138.571428571428,-85.14285714285714,6560.071428571428,179.42857142857142,6380.642857142857,-34.357142857142854,422.2619428170719,2.046153846153846,8249.5,False,False,,0
2025-01-08,38,80,82,5605,184,235,False,False,False,False,False,False,False,False,True,False,True,True,False,5685,-102,-29834,-1.7455928102315887,6099.714285714285,84.0,6015.714285714285,-87.85714285714286,6474.5,164.78571428571428,6309.714285714285,-47.07142857142857,470.4269337527365,2.2439024390243905,8249.5,False,False,,0
2025-01-09,56,82,68,5507,164,234,False,False,False,False,False,False,False,False,False,False,False,False,False,5589,-96,-29930,-1.6886543535620024,5953.857142857143,73.42857142857143,5880.428571428572,-96.14285714285714,6372.857142857143,141.21428571428572,6231.642857142857,-51.5,498.2651220666919,2.411764705882353,8249.5,False,False,,0
2025-01-12,74,103,80,5092,235,233,False,False,False,False,False,False,False,False,False,False,False,False,False,5195,-155,-30085,-7.049561638933621,5771.571428571428,78.71428571428571,5692.857142857143,-111.14285714285714,6254.642857142857,130.35714285714286,6124.285714285715,-60.285714285714285,567.8246759672994,2.9375,8249.5,False,False,,0
2025-01-13,68,107,102,5019,181,232,False,False,False,False,False,False,False,False,False,False,False,False,False,5126,-79,-30164,-1.3282001924927789,5595.0,84.0,5511.0,-105.71428571428571,6132.071428571428,117.0,6015.071428571428,-62.07142857142857,614.5690753297442,1.7745098039215685,8249.5,False,False,,0
2025-01-14,92,124,93,4957,139,231,False,False,False,False,False,False,False,False,False,False,False,False,False,5081,-46,-30210,-0.877877487319545,5470.142857142857,91.28571428571429,5378.857142857143,-95.0,6000.285714285715,104.14285714285714,5896.142857142857,-69.35714285714286,628.8769512235532,1.4946236559139785,8249.5,False,False,,0
2025-01-15,113,162,107,4903,164,230,False,False,False,False,False,False,False,False,False,False,False,False,False,5065,-57,-30267,-0.3148986419996058,5361.0,105.85714285714286,5255.142857142857,-86.14285714285714,5872.714285714285,104.14285714285714,5768.571428571428,-79.57142857142857,624.1623837742031,1.5327102803738317,8249.5,False,False,,0
2025-01-16,106,196,131,4881,159,229,False,False,False,False,False,False,False,False,False,False,False,False,False,5077,-28,-30295,0.23692003948667661,5259.714285714285,122.0,5137.714285714285,-80.42857142857143,5747.571428571428,109.42857142857143,5638.142857142857,-82.78571428571429,592.5142924969862,1.213740458015267,8249.5,False,False,,0
2025-01-19,86,152,168,4628,176,228,False,False,False,False,False,False,False,False,True,False,True,True,False,4780,-8,-30303,-5.849911364979321,5130.428571428572,132.28571428571428,4998.142857142857,-67.0,5615.071428571428,108.14285714285714,5506.928571428572,-77.42857142857143,586.1759337219037,1.0476190476190477,8249.5,False,False,,0
2025-01-20,84,118,136,4638,127,227,False,False,False,False,False,False,False,False,True,False,True,True,False,4756,9,-30294,-0.5020920502092019,5011.428571428572,137.42857142857142,4874.0,-52.0,5482.642857142857,105.42857142857143,5377.214285714285,-74.07142857142857,552.5762888009929,0.9338235294117647,8249.5,False,False,97,2
2025-01-21,59,64,117,4728,54,226,False,False,False,False,False,False,False,False,True,False,True,True,False,4792,63,-30231,0.7569386038688064,4953.857142857143,131.85714285714286,4822.0,-20.857142857142858,5362.714285714285,105.28571428571429,5257.428571428572,-66.0,501.3984180533477,0.46153846153846156,8249.5,False,False,97,2
2025-01-22,62,97,52,4717,83,225,False,False,False,False,False,False,False,False,False,False,False,False,False,4814,-31,-30262,0.45909849749583564,4909.285714285715,130.42857142857142,4778.857142857143,-14.0,5252.142857142857,107.21428571428571,5144.928571428572,-59.857142857142854,429.62915263193827,1.5961538461538463,8249.5,False,False,,0
2025-01-23,91,75,97,4621,174,224,False,False,False,False,False,False,False,False,True,False,True,True,False,4696,-77,-30339,-2.451184046530952,4854.285714285715,123.42857142857143,4730.857142857143,-18.428571428571427,5162.214285714285,107.35714285714286,5054.857142857143,-56.714285714285715,402.0736975254522,1.7938144329896908,8249.5,False,False,,0
2025-01-26,29,51,11,4241,182,223,False,False,False,False,False,False,False,False,False,False,False,False,False,4292,-171,-30510,-8.603066439523,4743.857142857143,107.57142857142857,4636.285714285715,-34.714285714285715,5052.428571428572,106.71428571428571,4945.714285714285,-60.42857142857143,415.6136731085231,16.545454545454547,8249.5,False,False,,0
2025-01-27,33,53,34,4161,127,222,False,False,False,False,False,False,False,False,False,False,False,False,False,4214,-93,-30603,-1.817334575955265,4620.571428571428,87.14285714285714,4533.428571428572,-44.0,4940.142857142857,104.57142857142857,4835.571428571428,-62.214285714285715,414.53159054585336,3.735294117647059,8249.5,False,False,,0
2025-01-28,32,49,39,4096,101,221,False,False,False,False,False,False,False,False,False,False,False,False,False,4145,-62,-30665,-1.6373991457047987,4529.857142857143,72.42857142857143,4457.428571428572,-51.714285714285715,4830.142857142857,102.35714285714286,4727.785714285715,-59.357142857142854,405.90958772444776,2.58974358974359,8249.5,False,False,,0
2025-01-29,32,50,39,4036,99,220,False,False,False,False,False,False,False,False,False,False,False,False,False,4086,-60,-30725,-1.423401688781667,4434.142857142857,62.714285714285715,4371.428571428572,-61.57142857142857,4722.785714285715,100.07142857142857,4622.714285714285,-56.785714285714285,388.1356183627036,2.5384615384615383,8249.5,False,False,,0
2025-01-30,47,42,47,3923,159,219,False,False,False,False,False,False,False,False,True,False,True,True,False,3965,-112,-30837,-2.961331375428289,4316.0,59.57142857142857,4256.428571428572,-86.57142857142857,4634.928571428572,95.71428571428571,4539.214285714285,-53.714285714285715,411.52894360981867,3.382978723404255,8249.5,False,False,,0
2025-02-02,20,22,41,3483,168,218,False,False,False,False,False,False,False,False,True,False,True,True,False,3505,-127,-30964,-11.601513240857509,4129.0,48.857142857142854,4080.1428571428573,-100.28571428571429,4519.142857142857,89.64285714285714,4429.5,-57.142857142857146,484.3336194660653,4.097560975609756,8249.5,False,False,,0
2025-02-03,23,45,11,3403,102,217,False,False,False,False,False,False,False,False,False,False,False,False,False,3448,-91,-31055,-1.6262482168330927,3950.714285714286,44.57142857142857,3906.1428571428573,-102.28571428571429,4402.5,84.0,4318.5,-60.357142857142854,532.8236466801986,9.272727272727273,8249.5,False,False,,0
2025-02-04,34,54,29,3359,74,216,False,False,False,False,False,False,False,False,False,False,False,False,False,3413,-45,-31100,-1.0150812064965153,3825.1428571428573,45.0,3780.1428571428573,-84.28571428571429,4284.5,76.28571428571429,4208.214285714285,-59.5,557.1894788890619,2.5517241379310347,8249.5,False,False,,0
2025-02-05,26,36,36,3290,104,215,False,False,False,False,False,False,False,False,False,False,False,False,False,3326,-68,-31168,-2.5490770583064704,3698.285714285714,42.57142857142857,3655.714285714286,-80.71428571428571,4159.428571428572,64.85714285714286,4094.5714285714284,-62.357142857142854,562.114649445227,2.888888888888889,8249.5,False,False,,0
2025-02-06,25,32,27,3181,145,214,False,False,False,False,False,False,False,False,False,False,False,False,False,3213,-118,-31286,-3.397474443776305,3565.1428571428573,40.142857142857146,3525.0,-88.71428571428571,4047.5,56.285714285714285,3991.214285714286,-70.21428571428571,584.602001365077,5.37037037037037,8249.5,False,False,,0
2025-02-09,15,13,23,2878,99,213,False,False,False,False,False,False,False,False,True,False,True,True,False,2891,-76,-31362,-10.02178649237473,3394.4285714285716,34.857142857142854,3359.5714285714284,-91.0,3914.285714285714,48.785714285714285,3865.5,-76.28571428571429,622.0282492437128,4.304347826086956,8249.5,False,False,,0
2025-02-10,16,18,15,2834,63,212,False,False,False,False,False,False,False,False,False,False,False,False,False,2852,-48,-31410,-1.3490141819439638,3235.4285714285716,31.428571428571427,3204.0,-81.85714285714286,3775.714285714286,45.5,3730.214285714286,-84.21428571428571,627.5219185349755,4.2,8249.5,False,False,,0
2025-02-11,11,22,12,2799,50,211,False,False,False,False,False,False,False,False,False,False,False,False,False,2821,-38,-31448,-1.0869565217391353,3137.714285714286,31.428571428571427,3106.285714285714,-69.14285714285714,3633.3571428571427,40.142857142857146,3593.214285714286,-84.71428571428571,599.2888872069389,4.166666666666667,8249.5,False,False,,0
2025-02-12,16,20,20,2752,66,210,False,False,False,False,False,False,False,False,False,False,False,False,False,2772,-46,-31494,-1.7369727047146455,3041.1428571428573,27.857142857142858,3013.285714285714,-62.714285714285715,3495.9285714285716,36.214285714285715,3459.714285714286,-82.5,555.8933855012301,3.3,8249.5,False,False,,0
2025-02-13,15,10,23,2703,72,209,False,False,False,False,False,False,False,False,True,False,True,True,False,2713,-49,-31543,-2.128427128427124,2941.1428571428573,21.571428571428573,2919.5714285714284,-63.285714285714285,3383.1428571428573,33.285714285714285,3349.8571428571427,-73.78571428571429,541.9612329512539,3.130434782608696,8249.5,False,False,,0
2025-02-17,8,17,14,2532,15,208,False,False,False,False,False,False,False,False,False,False,False,False,False,2549,-1,-31544,-6.044968669369699,2830.1428571428573,18.857142857142858,2811.285714285714,-53.714285714285715,3264.214285714286,30.714285714285715,3233.5,-67.21428571428571,528.1200589859887,1.0714285714285714,8249.5,False,False,,0
2025-02-18,18,19,11,2536,9,207,False,False,False,False,False,False,False,False,False,False,False,False,False,2555,2,-31542,0.23538642604943316,2736.1428571428573,17.0,2719.1428571428573,-36.57142857142857,3150.6428571428573,28.571428571428573,3122.0714285714284,-62.642857142857146,493.9996273968246,0.8181818181818182,8249.5,False,False,99,1
2025-02-19,12,17,17,2528,19,206,False,False,False,False,False,False,False,False,False,False,False,False,False,2545,-2,-31544,-0.3913894324853229,2686.714285714286,17.571428571428573,2669.1428571428573,-26.0,3040.5714285714284,26.214285714285715,3014.3571428571427,-58.5,438.06861322192617,1.1176470588235294,8249.5,False,False,,0
2025-02-20,13,25,15,2520,32,205,False,False,False,False,False,False,False,False,False,False,False,False,False,2545,-17,-31561,0.0,2642.8571428571427,18.571428571428573,2624.285714285714,-21.571428571428573,2939.1428571428573,25.0,2914.1428571428573,-51.714285714285715,366.0335960081628,2.1333333333333333,8249.5,False,False,,0
2025-02-23,7,16,8,2423,35,204,False,False,False,False,False,False,False,False,False,False,False,False,False,2439,-27,-31588,-4.165029469548132,2588.285714285714,17.714285714285715,2570.5714285714284,-20.0,2863.0,24.571428571428573,2838.4285714285716,-44.57142857142857,349.78322957566536,4.375,8249.5,False,False,,0
2025-02-24,20,22,14,2413,24,203,False,False,False,False,False,False,False,False,False,False,False,False,False,2435,-10,-31598,-0.16400164001639794,2540.1428571428573,18.0,2522.1428571428573,-14.857142857142858,2790.6428571428573,22.928571428571427,2767.714285714286,-38.785714285714285,323.22761857036545,1.7142857142857142,8249.5,False,False,,0
2025-02-25,11,7,7,2413,23,202,False,False,False,False,False,False,False,False,False,False,False,False,False,2420,-16,-31614,-0.6160164271047264,2498.285714285714,17.571428571428573,2480.714285714286,-10.142857142857142,2719.714285714286,19.571428571428573,2700.1428571428573,-36.714285714285715,282.5440547192957,3.2857142857142856,8249.5,False,False,,0
2025-02-26,12,21,1,2411,23,201,False,False,False,False,False,False,False,False,False,False,False,False,False,2432,-22,-31636,0.49586776859504855,2481.5714285714284,18.142857142857142,2463.4285714285716,-13.142857142857142,2655.8571428571427,18.5,2637.3571428571427,-33.42857142857143,231.36945385228108,23.0,8249.5,False,False,,0
2025-02-27,10,15,17,2391,37,200,False,False,False,False,False,False,False,False,True,False,True,True,False,2406,-20,-31656,-1.0690789473684181,2460.285714285714,17.571428571428573,2442.714285714286,-16.285714285714285,2598.214285714286,17.285714285714285,2580.9285714285716,-26.428571428571427,175.7218862827309,2.176470588235294,8249.5,False,False,,0
2025-03-02,12,24,4,2297,31,199,False,False,False,False,False,False,False,False,False,False,False,False,False,2321,-27,-31683,-3.5328345802161265,2428.285714285714,18.571428571428573,2409.714285714286,-19.857142857142858,2557.5,18.071428571428573,2539.4285714285716,-22.928571428571427,168.55346104678375,7.75,8249.5,False,False,,0
2025-03-03,8,29,18,2287,25,198,False,False,False,False,False,False,False,False,False,False,False,False,False,2316,-7,-31690,-0.21542438604049696,2395.5714285714284,19.142857142857142,2376.4285714285716,-18.428571428571427,2519.214285714286,18.857142857142858,2500.3571428571427,-20.0,156.99200301630046,1.3888888888888888,8249.5,False,False,,0
2025-03-04,4,25,10,2272,30,197,False,False,False,False,False,False,False,False,False,False,False,False,False,2297,-20,-31710,-0.8203799654576849,2375.285714285714,20.428571428571427,2354.8571428571427,-17.428571428571427,2481.785714285714,19.071428571428573,2462.714285714286,-18.714285714285715,141.17538387081052,3.0,8249.5,False,False,,0
2025-03-05,5,20,4,2238,40,196,False,False,False,False,False,False,False,False,False,False,False,False,False,2258,-36,-31746,-1.6978667827601268,2350.0,20.142857142857142,2329.8571428571427,-21.142857142857142,2445.0714285714284,19.071428571428573,2426.0,-18.0,125.90623146199486,10.0,8249.5,False,False,,0
2025-03-06,7,27,6,2218,33,195,False,False,False,False,False,False,False,False,False,False,False,False,False,2245,-27,-31773,-0.5757307351638596,2325.0,23.0,2302.0,-22.714285714285715,2411.6428571428573,20.285714285714285,2391.3571428571427,-16.428571428571427,110.48119028448356,5.5,8249.5,False,False,,0
2025-03-09,12,25,15,2137,30,194,False,False,False,False,False,False,False,False,False,False,False,False,False,2162,-15,-31788,-3.697104677060137,2286.4285714285716,23.571428571428573,2262.8571428571427,-21.714285714285715,2384.0,20.857142857142858,2363.1428571428573,-17.428571428571427,121.3500974615574,2.0,8249.5,False,False,,0
2025-03-10,6,28,8,2125,23,193,False,False,False,False,False,False,False,False,False,False,False,False,False,2153,-15,-31803,-0.4162812210915856,2250.285714285714,25.428571428571427,2224.8571428571427,-21.0,2355.285714285714,21.5,2333.785714285714,-18.642857142857142,125.27288894002766,2.875,8249.5,False,False,,0
2025-03-11,3,11,7,2116,20,192,False,False,False,False,False,False,False,False,False,False,False,False,False,2127,-13,-31816,-1.207617278216444,2222.5714285714284,23.571428571428573,2199.0,-19.0,2325.4285714285716,21.071428571428573,2304.3571428571427,-19.428571428571427,126.38629081343747,2.857142857142857,8249.5,False,False,,0
2025-03-12,6,18,2,2113,8,191,False,False,False,False,False,False,False,False,False,False,False,False,False,2131,-6,-31822,0.18805829807240215,2196.1428571428573,22.0,2174.1428571428573,-18.857142857142858,2295.8571428571427,20.571428571428573,2275.285714285714,-18.642857142857142,119.29398536866687,4.0,8249.5,False,False,,0
2025-03-13,4,20,9,2116,6,190,False,False,False,False,False,False,False,False,False,False,False,False,False,2136,3,-31819,0.2346316283434957,2173.1428571428573,21.285714285714285,2151.8571428571427,-15.571428571428571,2274.214285714286,20.857142857142858,2253.3571428571427,-16.5,118.81153697670287,0.6666666666666666,8249.5,False,False,101,2
2025-03-16,1,9,8,2117,5,189,False,False,False,False,False,False,False,False,False,False,False,False,False,2126,3,-31816,-0.46816479400748623,2154.285714285714,19.714285714285715,2134.5714285714284,-10.0,2252.1428571428573,19.928571428571427,2232.214285714286,-15.571428571428571,115.29417701181939,0.625,8249.5,False,False,101,2
2025-03-17,5,14,0,2111,8,188,False,False,False,False,False,False,False,False,False,False,False,False,False,2125,-8,-31824,-0.04703668861711918,2137.1428571428573,17.857142857142858,2119.285714285714,-7.285714285714286,2231.0714285714284,20.428571428571427,2210.6428571428573,-15.0,109.04442586979245,,8249.5,False,False,,0
2025-03-18,19,34,6,2109,8,187,False,False,False,False,False,False,False,False,False,False,False,False,False,2143,-2,-31826,0.8470588235294008,2134.4285714285716,19.142857142857142,2115.285714285714,-5.428571428571429,2210.4285714285716,21.357142857142858,2189.0714285714284,-13.571428571428571,94.4609925893505,1.3333333333333333,8249.5,False,False,,0
2025-03-19,6,22,14,2119,9,186,False,False,False,False,False,False,False,False,False,False,False,False,False,2141,5,-31821,-0.09332711152589823,2132.714285714286,18.285714285714285,2114.4285714285716,-2.5714285714285716,2191.5,21.857142857142858,2169.6428571428573,-11.785714285714286,77.23764526602551,0.6428571428571429,8249.5,False,True,103,9
2025-03-20,9,20,11,2124,7,185,False,False,False,False,False,False,False,False,False,False,False,False,False,2144,4,-31817,0.14012143858010973,2135.1428571428573,19.571428571428573,2115.5714285714284,-0.14285714285714285,2178.8571428571427,21.571428571428573,2157.285714285714,-9.571428571428571,68.38899725205596,0.6363636363636364,8249.5,False,True,103,9
2025-03-23,15,29,9,2136,2,184,False,False,False,False,False,False,False,False,False,False,False,False,False,2165,7,-31810,0.9794776119403048,2140.0,21.142857142857142,2118.8571428571427,1.7142857142857142,2168.0714285714284,21.571428571428573,2146.5,-8.571428571428571,55.854845236118116,0.2222222222222222,8249.5,False,True,103,9
2025-03-24,7,13,11,2139,7,183,False,False,False,False,False,False,False,False,False,False,False,False,False,2152,4,-31806,-0.6004618937644368,2142.285714285714,20.142857142857142,2122.1428571428573,1.8571428571428572,2157.714285714286,20.714285714285715,2137.0,-6.857142857142857,41.77858960685137,0.6363636363636364,8249.5,False,True,103,9
2025-03-25,12,19,7,2145,6,182,False,False,False,False,False,False,False,False,False,False,False,False,False,2164,1,-31805,0.5576208178438735,2147.714285714286,21.571428571428573,2126.1428571428573,1.5714285714285714,2151.0,20.642857142857142,2130.3571428571427,-4.214285714285714,30.43530338923827,0.8571428571428571,8249.5,False,True,103,9
2025-03-26,9,21,15,2159,2,181,False,False,False,False,False,False,False,False,False,False,False,False,False,2180,13,-31792,0.7393715341959428,2155.5714285714284,22.571428571428573,2133.0,4.571428571428571,2146.3571428571427,20.214285714285715,2126.1428571428573,-1.3571428571428572,16.97331454609806,0.13333333333333333,8249.5,False,True,103,9
2025-03-27,1,19,13,2159,2,180,False,False,False,False,False,False,False,False,False,False,False,False,False,2178,11,-31781,-0.09174311926605228,2160.5714285714284,20.428571428571427,2140.1428571428573,6.428571428571429,2147.5,19.785714285714285,2127.714285714286,0.5,18.5710693141771,0.15384615384615385,8249.5,False,True,103,9
2025-03-30,9,20,5,2188,2,179,False,False,False,False,False,False,False,False,False,False,False,False,False,2208,3,-31778,1.377410468319562,2170.1428571428573,20.142857142857142,2150.0,6.142857142857143,2151.4285714285716,19.214285714285715,2132.214285714286,1.7857142857142858,24.647403627599054,0.4,8249.5,False,True,103,9
2025-03-31,9,25,8,2193,5,178,False,False,False,False,False,False,False,False,False,False,False,False,False,2218,3,-31775,0.45289855072463414,2180.714285714286,20.857142857142858,2159.8571428571427,6.0,2157.9285714285716,20.214285714285715,2137.714285714286,2.9285714285714284,29.274468493580763,0.625,8249.5,False,True,103,9
2025-04-01,17,36,7,2191,12,177,False,False,False,False,False,False,False,False,False,False,False,False,False,2227,-5,-31780,0.4057709648331853,2189.5714285714284,21.857142857142858,2167.714285714286,4.285714285714286,2164.785714285714,21.5,2143.285714285714,3.0,33.430015467435,1.7142857142857142,8249.5,False,False,,0
2025-04-02,5,31,16,2208,3,176,False,False,False,False,False,False,False,False,False,False,False,False,False,2239,13,-31767,0.5388414907947947,2202.0,24.428571428571427,2177.5714285714284,5.571428571428571,2172.1428571428573,22.285714285714285,2149.8571428571427,3.7142857142857144,37.672387650581065,0.1875,8249.5,False,False,105,2
2025-04-03,12,26,18,2223,8,175,False,False,False,False,False,False,False,False,False,False,False,False,False,2249,10,-31757,0.44662795891021734,2214.1428571428573,25.428571428571427,2188.714285714286,6.857142857142857,2180.9285714285716,23.5,2157.4285714285716,4.214285714285714,40.332205658425124,0.4444444444444444,8249.5,False,False,105,2
2025-04-06,7,14,7,2234,11,174,False,False,False,False,False,False,False,False,False,False,False,False,False,2248,-4,-31761,-0.04446420631392112,2223.8571428571427,24.428571428571427,2199.4285714285716,4.428571428571429,2189.714285714286,23.5,2166.214285714286,4.5,40.607745702950865,1.5714285714285714,8249.5,False,False,,0
2025-04-07,12,22,9,2237,5,173,False,False,False,False,False,False,False,False,False,False,False,False,False,2259,4,-31757,0.48932384341637825,2235.4285714285716,24.857142857142858,2210.5714285714284,3.4285714285714284,2198.0,22.642857142857142,2175.3571428571427,4.928571428571429,42.14809056823197,0.5555555555555556,8249.5,False,False,107,4
2025-04-08,12,34,12,2243,9,172,False,False,False,False,False,False,False,False,False,False,False,False,False,2277,3,-31754,0.7968127490039834,2245.285714285714,26.857142857142858,2218.4285714285716,3.4285714285714284,2207.714285714286,23.5,2184.214285714286,4.785714285714286,43.64617979932674,0.75,8249.5,False,False,107,4
2025-04-09,6,19,10,2251,5,171,False,False,False,False,False,False,False,False,False,False,False,False,False,2270,5,-31749,-0.30742204655248573,2252.714285714286,26.0,2226.714285714286,3.7142857142857144,2216.714285714286,23.428571428571427,2193.285714285714,4.857142857142857,42.472486246958155,0.5,8249.5,False,False,107,4
2025-04-10,18,25,17,2265,6,170,False,False,False,False,False,False,False,False,False,False,False,False,False,2290,11,-31738,0.8810572687224738,2261.714285714286,24.428571428571427,2237.285714285714,6.0,2225.6428571428573,23.142857142857142,2202.5,5.142857142857143,43.88026916580843,0.35294117647058826,8249.5,False,False,107,4
2025-04-11,8,22,8,2267,9,169,False,False,False,False,False,False,False,False,False,False,False,False,False,2289,-1,-31739,-0.04366812227074579,2268.8571428571427,23.142857142857142,2245.714285714286,4.0,2235.4285714285716,23.785714285714285,2211.6428571428573,4.785714285714286,41.399952222697245,1.125,8249.5,False,False,,0
2025-04-13,5,26,10,2283,3,168,False,False,False,False,False,False,False,False,False,False,False,False,False,2309,7,-31732,0.8737439930100566,2277.4285714285716,23.142857142857142,2254.285714285714,3.5714285714285716,2245.785714285714,24.285714285714285,2221.5,5.214285714285714,40.27822196821159,0.3,8249.5,False,False,109,1
2025-04-14,5,26,9,2282,13,167,False,False,False,False,False,False,False,False,False,False,False,False,False,2308,-4,-31736,-0.04330879168471524,2286.0,24.857142857142858,2261.1428571428573,3.5714285714285716,2254.9285714285716,24.642857142857142,2230.285714285714,4.0,38.69300132754657,1.4444444444444444,8249.5,False,False,,0
2025-04-15,4,19,12,2286,7,166,False,False,False,False,False,False,False,False,False,False,False,False,False,2305,5,-31731,-0.12998266897746857,2292.5714285714284,24.428571428571427,2268.1428571428573,3.7142857142857144,2264.0,24.642857142857142,2239.3571428571427,3.5714285714285716,33.854893977663345,0.5833333333333334,8249.5,False,False,111,1
2025-04-16,11,30,5,2291,8,165,False,False,False,False,False,False,False,False,False,False,False,False,False,2321,-3,-31734,0.694143167028205,2298.8571428571427,23.857142857142858,2275.0,2.857142857142857,2272.0714285714284,25.357142857142858,2246.714285714286,3.142857142857143,32.93458384846588,1.6,8249.5,False,False,,0
2025-04-17,7,26,10,2288,14,164,False,False,False,False,False,False,False,False,False,False,False,False,False,2314,-4,-31738,-0.30159414045669575,2305.1428571428573,24.857142857142858,2280.285714285714,1.5714285714285714,2278.9285714285716,25.428571428571427,2253.5,2.642857142857143,30.730752040322677,1.4,8249.5,False,False,,0
2025-04-20,4,15,6,2305,4,163,False,False,False,False,False,False,False,False,False,False,False,False,False,2320,2,-31736,0.2592912705272177,2309.4285714285716,23.428571428571427,2286.0,0.2857142857142857,2285.5714285714284,23.928571428571427,2261.6428571428573,3.142857142857143,28.621439748401063,0.6666666666666666,8249.5,False,False,113,1
2025-04-21,10,25,5,2308,6,162,False,False,False,False,False,False,False,False,False,False,False,False,False,2333,-1,-31737,0.5603448275862011,2315.714285714286,23.857142857142858,2291.8571428571427,0.2857142857142857,2292.285714285714,23.5,2268.785714285714,2.142857142857143,27.871762859919144,1.2,8249.5,False,False,,0
2025-04-22,7,19,14,2305,17,161,False,False,False,False,False,False,False,False,False,False,False,False,False,2324,-3,-31740,-0.385769395627944,2317.8571428571427,22.857142857142858,2295.0,-1.1428571428571428,2297.6428571428573,23.0,2274.6428571428573,1.2142857142857142,26.060896564673754,1.2142857142857142,8249.5,False,False,,0
2025-04-23,3,23,4,2300,11,160,False,False,False,False,False,False,False,False,False,False,False,False,False,2323,-7,-31747,-0.0430292598967319,2320.0,22.428571428571427,2297.5714285714284,-1.5714285714285714,2303.0,23.642857142857142,2279.3571428571427,1.0,22.542267992330157,2.75,8249.5,False,False,,0
2025-04-24,3,9,7,2294,13,159,False,False,False,False,False,False,False,False,False,False,False,False,False,2303,-6,-31753,-0.860955660783469,2319.714285714286,21.0,2298.714285714286,-3.142857142857143,2306.1428571428573,22.714285714285715,2283.4285714285716,0.2857142857142857,18.670656300128506,1.8571428571428572,8249.5,False,False,,0
2025-04-27,9,40,12,2301,4,158,False,False,False,False,False,False,False,False,False,False,False,False,False,2341,8,-31745,1.6500217108119886,2322.5714285714284,22.428571428571427,2300.1428571428573,-1.5714285714285714,2310.714285714286,23.142857142857142,2287.5714285714284,0.6428571428571429,18.820727411654605,0.3333333333333333,8249.5,False,False,115,2
2025-04-28,6,26,12,2307,8,157,False,False,False,False,False,False,False,False,False,False,False,False,False,2333,4,-31741,-0.34173430158052076,2325.285714285714,22.428571428571427,2302.8571428571427,-0.42857142857142855,2315.214285714286,23.642857142857142,2291.5714285714284,0.5714285714285714,15.59180540182339,0.6666666666666666,8249.5,False,False,115,2
2025-04-29,11,25,11,2304,15,156,False,False,False,False,False,False,False,False,False,False,False,False,False,2329,-4,-31745,-0.17145306472353683,2326.5714285714284,23.857142857142858,2302.714285714286,-1.2857142857142858,2318.0,23.642857142857142,2294.3571428571427,-0.5,14.158444072192886,1.3636363636363635,8249.5,False,False,,0
2025-04-30,7,34,9,2309,12,155,False,False,False,False,False,False,False,False,False,False,False,False,False,2343,-3,-31748,0.6011163589523472,2328.0,25.142857142857142,2302.8571428571427,-1.5714285714285714,2321.8571428571427,24.5,2297.3571428571427,-0.6428571428571429,12.954697059675777,1.3333333333333333,8249.5,False,False,,0
2025-05-01,13,32,14,2306,16,154,False,False,False,False,False,False,False,False,False,False,False,False,False,2338,-2,-31750,-0.21340162185232714,2330.0,27.0,2303.0,-1.4285714285714286,2323.9285714285716,24.928571428571427,2299.0,-1.2857142857142858,13.058827172327616,1.1428571428571428,8249.5,False,False,,0
2025-05-04,9,31,10,2335,5,153,False,False,False,False,False,False,False,False,False,False,False,False,False,2366,5,-31745,1.1976047904191711,2336.1428571428573,28.142857142857142,2308.0,0.2857142857142857,2328.0714285714284,25.285714285714285,2302.785714285714,-0.6428571428571429,16.39166902028237,0.5,8249.5,False,False,117,2
2025-05-05,15,44,20,2331,17,152,False,False,False,False,False,False,False,False,False,False,False,False,False,2375,3,-31742,0.3803888419273038,2346.4285714285716,33.142857142857146,2313.285714285714,1.5714285714285714,2333.0714285714284,27.071428571428573,2306.0,-0.7857142857142857,19.241238910445603,0.85,8249.5,False,False,117,2
2025-05-06,10,33,16,2339,16,151,False,False,False,False,False,False,False,False,False,False,False,False,False,2372,0,-31742,-0.1263157894736855,2350.8571428571427,32.142857142857146,2318.714285714286,0.42857142857142855,2336.714285714286,27.285714285714285,2309.4285714285716,-0.5714285714285714,21.47781886924745,1.0,8249.5,False,False,,0
2025-05-07,10,30,15,2335,10,150,False,False,False,False,False,False,False,False,False,False,False,False,False,2365,5,-31737,-0.295109612141653,2355.4285714285716,32.714285714285715,2322.714285714286,0.5714285714285714,2340.3571428571427,27.571428571428573,2312.785714285714,0.07142857142857142,21.653236188756296,0.6666666666666666,8249.5,False,False,119,6
2025-05-08,15,24,16,2361,11,149,False,False,False,False,False,False,False,False,False,False,False,False,False,2385,5,-31732,0.8456659619450413,2363.4285714285716,32.57142857142857,2330.8571428571427,1.8571428571428572,2345.0,28.214285714285715,2316.785714285714,0.2857142857142857,23.813376979342102,0.6875,8249.5,False,False,119,6
2025-05-11,15,20,12,2385,3,148,False,False,False,False,False,False,False,False,False,False,False,False,False,2405,9,-31723,0.8385744234800763,2372.285714285714,30.571428571428573,2341.714285714286,3.5714285714285716,2350.1428571428573,27.857142857142858,2322.285714285714,1.0,28.362643750588525,0.25,8249.5,False,False,119,6
2025-05-12,7,33,14,2392,7,147,False,False,False,False,False,False,False,False,False,False,False,False,False,2425,7,-31716,0.8316008316008316,2384.714285714286,30.714285714285715,2354.0,4.857142857142857,2357.3571428571427,28.857142857142858,2328.5,1.7142857142857142,33.56877473852356,0.5,8249.5,False,False,119,6
2025-05-13,18,29,12,2394,11,146,False,False,False,False,False,False,False,False,False,False,False,False,False,2423,1,-31715,-0.08247422680411898,2392.8571428571427,30.428571428571427,2362.4285714285716,4.285714285714286,2364.5,29.285714285714285,2335.214285714286,2.2857142857142856,36.229503490385916,0.9166666666666666,8249.5,False,False,119,6
2025-05-14,7,30,14,2394,11,145,False,False,False,False,False,False,False,False,False,False,False,False,False,2424,3,-31712,0.04127115146512761,2399.8571428571427,28.428571428571427,2371.4285714285716,4.285714285714286,2373.1428571428573,30.785714285714285,2342.3571428571427,2.9285714285714284,34.83556348904486,0.7857142857142857,8249.5,False,False,119,6
2025-05-15,15,31,14,2410,14,144,False,False,False,False,False,False,False,False,False,False,False,False,False,2441,0,-31712,0.7013201320132056,2409.714285714286,28.142857142857142,2381.5714285714284,4.285714285714286,2380.285714285714,30.142857142857142,2350.1428571428573,2.357142857142857,37.8589052057683,1.0,8249.5,False,False,,0
2025-05-18,13,28,14,2437,9,143,False,False,False,False,False,False,False,False,False,False,False,False,False,2465,5,-31707,0.9832036050798854,2424.0,27.857142857142858,2396.1428571428573,4.285714285714286,2389.714285714286,30.285714285714285,2359.4285714285716,2.4285714285714284,41.44399106851136,0.6428571428571429,8249.5,False,False,121,2
2025-05-19,7,27,17,2457,6,142,False,False,False,False,False,False,False,False,False,False,False,False,False,2484,11,-31696,0.7707910750507141,2438.1428571428573,28.285714285714285,2409.8571428571427,5.142857142857143,2400.785714285714,30.428571428571427,2370.3571428571427,3.5,44.56314201732024,0.35294117647058826,8249.5,False,False,121,2
2025-05-21,14,62,13,2467,18,141,False,False,False,False,False,False,False,False,False,False,False,False,False,2529,-5,-31701,1.8115942028985588,2455.8571428571427,34.285714285714285,2421.5714285714284,3.142857142857143,2414.0714285714284,32.42857142857143,2381.6428571428573,3.357142857142857,52.94767269708838,1.3846153846153846,8249.5,False,False,,0
2025-05-22,18,36,17,2473,15,140,False,False,False,False,False,False,False,False,False,False,False,False,False,2509,2,-31699,-0.7908264136022192,2467.8571428571427,34.714285714285715,2433.1428571428573,2.4285714285714284,2426.285714285714,32.714285714285715,2393.5714285714284,3.642857142857143,53.76648737751862,0.8823529411764706,8249.5,False,False,123,1
2025-05-27,6,24,7,2504,11,139,False,False,False,False,False,False,False,False,False,False,False,False,False,2528,-4,-31703,0.757273814268622,2482.8571428571427,34.0,2448.8571428571427,1.7142857142857142,2437.8571428571427,32.214285714285715,2405.6428571428573,3.0,57.121809311177884,1.5714285714285714,8249.5,False,False,,0
2025-05-28,12,39,12,2499,14,138,False,False,False,False,False,False,False,False,False,False,False,False,False,2538,-2,-31705,0.39556962025315556,2499.1428571428573,35.285714285714285,2463.8571428571427,1.0,2449.5,31.857142857142858,2417.6428571428573,2.642857142857143,59.870051586785145,1.1666666666666667,8249.5,False,False,,0
2025-05-29,13,38,15,2506,11,137,False,False,False,False,False,False,False,False,False,False,False,False,False,2544,4,-31701,0.23640661938533203,2513.8571428571427,36.285714285714285,2477.5714285714284,1.5714285714285714,2461.785714285714,32.214285714285715,2429.5714285714284,2.9285714285714284,60.38871337739944,0.7333333333333333,8249.5,False,False,125,2
2025-06-01,8,24,16,2528,12,136,False,False,False,False,False,False,False,False,False,False,False,False,False,2552,4,-31697,0.3144654088050425,2526.285714285714,35.714285714285715,2490.5714285714284,1.4285714285714286,2475.1428571428573,31.785714285714285,2443.3571428571427,2.857142857142857,57.96664444499616,0.75,8249.5,False,False,125,2
2025-06-02,10,19,5,2518,16,135,False,False,False,False,False,False,False,False,False,False,False,False,False,2537,-11,-31708,-0.5877742946708508,2533.8571428571427,34.57142857142857,2499.285714285714,-1.7142857142857142,2486.0,31.428571428571427,2454.5714285714284,1.7142857142857142,53.87449803517487,3.2,8249.5,False,False,,0
2025-06-03,5,23,11,2519,15,134,False,False,False,False,False,False,False,False,False,False,False,False,False,2542,-4,-31712,0.19708316909736734,2535.714285714286,29.0,2506.714285714286,-1.5714285714285714,2495.785714285714,31.642857142857142,2464.1428571428573,0.7857142857142857,50.35745849875624,1.3636363636363635,8249.5,False,False,,0
2025-06-04,4,16,9,2516,16,133,False,False,False,False,False,False,False,False,False,False,False,False,False,2532,-7,-31719,-0.3933910306844979,2539.0,26.142857142857142,2512.8571428571427,-2.857142857142857,2503.4285714285716,30.428571428571427,2473.0,-0.21428571428571427,46.780525675731376,1.7777777777777777,8249.5,False,False,,0
2025-06-05,8,26,5,2503,21,132,False,False,False,False,False,False,False,False,False,False,False,False,False,2529,-16,-31735,-0.11848341232227888,2539.1428571428573,26.428571428571427,2512.714285714286,-4.571428571428571,2511.0,30.214285714285715,2480.785714285714,-1.4285714285714286,40.98029545360359,4.2,8249.5,False,False,,0
2025-06-08,10,16,15,2507,13,131,False,False,False,False,False,False,False,False,False,False,False,False,False,2523,2,-31733,-0.23724792408066353,2537.0,23.142857142857142,2513.8571428571427,-4.0,2518.0714285714284,29.214285714285715,2488.8571428571427,-1.5,32.471204488885256,0.8666666666666667,8249.5,False,False,127,2
2025-06-09,8,21,14,2516,9,130,False,False,False,False,False,False,False,False,False,False,False,False,False,2537,5,-31728,0.5548949663099378,2536.0,20.714285714285715,2515.285714285714,-3.857142857142857,2524.9285714285716,28.5,2496.4285714285716,-1.1428571428571428,23.96620789692975,0.6428571428571429,8249.5,False,False,127,2
2025-06-10,17,28,7,2511,12,129,False,False,False,False,False,False,False,False,False,False,False,False,False,2539,-5,-31733,0.07883326763893361,2534.1428571428573,21.285714285714285,2512.8571428571427,-5.142857142857143,2530.214285714286,28.5,2501.714285714286,-1.8571428571428572,16.830277533001915,1.7142857142857142,8249.5,False,False,,0
2025-06-17,7,24,10,2523,14,128,False,False,False,False,False,False,False,False,False,False,False,False,False,2547,-4,-31737,0.3150846790074935,2535.5714285714284,22.0,2513.5714285714284,-4.142857142857143,2534.714285714286,28.285714285714285,2506.4285714285716,-2.9285714285714284,10.901154292766417,1.4,8249.5,False,False,,0
2025-06-19,8,19,7,2501,18,127,False,False,False,False,False,False,False,False,False,False,False,False,False,2520,-11,-31748,-1.0600706713780883,2532.4285714285716,21.428571428571427,2511.0,-5.142857142857143,2534.0714285714284,25.214285714285715,2508.8571428571427,-3.357142857142857,11.512296344019102,2.5714285714285716,8249.5,False,False,,0
2025-06-22,7,13,5,2508,7,126,False,False,False,False,False,False,False,False,False,False,False,False,False,2521,-2,-31750,0.03968253968253954,2530.8571428571427,21.0,2509.8571428571427,-4.428571428571429,2534.9285714285716,23.571428571428573,2511.3571428571427,-3.642857142857143,9.825119190752716,1.4,8249.5,False,False,,0
2025-06-23,3,15,5,2495,17,125,False,False,False,False,False,False,False,False,False,False,False,False,False,2510,-12,-31762,-0.4363347877826218,2528.1428571428573,19.428571428571427,2508.714285714286,-3.857142857142857,2533.6428571428573,22.928571428571427,2510.714285714286,-4.214285714285714,11.783999212584611,3.4,8249.5,False,False,,0
2025-06-24,5,20,5,2489,16,124,False,False,False,False,False,False,False,False,False,False,False,False,False,2509,-11,-31773,-0.03984063745019473,2526.1428571428573,20.0,2506.1428571428573,-5.714285714285714,2531.5714285714284,21.571428571428573,2510.0,-4.857142857142857,13.397555955251937,3.2,8249.5,False,False,,0
2025-06-25,6,12,2,2470,24,123,False,False,False,False,False,False,False,False,False,False,False,False,False,2482,-22,-31795,-1.0761259465922657,2518.285714285714,18.714285714285715,2499.5714285714284,-9.571428571428571,2527.1428571428573,19.714285714285715,2507.4285714285716,-6.714285714285714,18.317109040352907,12.0,8249.5,False,False,,0
2025-06-26,3,9,7,2447,35,122,False,False,False,False,False,False,False,False,False,False,False,False,False,2456,-28,-31823,-1.0475423045930743,2506.4285714285716,16.0,2490.4285714285716,-12.857142857142858,2520.285714285714,18.642857142857142,2501.6428571428573,-9.0,25.033603790927796,5.0,8249.5,False,False,,0
2025-06-29,5,17,7,2413,20,121,False,False,False,False,False,False,False,False,False,False,False,False,False,2430,-13,-31836,-1.0586319218241047,2489.714285714286,15.0,2474.714285714286,-14.142857142857142,2512.6428571428573,18.5,2494.1428571428573,-9.142857142857142,34.195382376925764,2.857142857142857,8249.5,False,False,,0
2025-06-30,9,22,8,2407,16,120,False,False,False,False,False,False,False,False,False,False,False,False,False,2429,-8,-31844,-0.04115226337448874,2476.714285714286,15.428571428571429,2461.285714285714,-13.714285714285714,2504.5714285714284,18.428571428571427,2486.1428571428573,-9.428571428571429,39.63625823804657,2.0,8249.5,False,False,,0
2025-07-01,7,14,6,2391,22,119,False,False,False,False,False,False,False,False,False,False,False,False,False,2405,-16,-31860,-0.9880609304240395,2460.1428571428573,15.571428571428571,2444.5714285714284,-15.714285714285714,2495.5,18.285714285714285,2477.214285714286,-10.071428571428571,46.767427850723536,3.6666666666666665,8249.5,False,False,,0
2025-07-02,8,20,9,2373,38,118,False,False,False,False,False,False,False,False,False,False,False,False,False,2393,-29,-31889,-0.498960498960499,2443.4285714285716,16.285714285714285,2427.1428571428573,-18.142857142857142,2485.785714285714,17.857142857142858,2467.9285714285716,-11.0,52.98501758037456,4.222222222222222,8249.5,False,False,,0
2025-07-06,4,17,2,2332,8,117,False,False,False,False,False,False,False,False,False,False,False,False,False,2349,-6,-31895,-1.8386961972419513,2420.5714285714284,15.857142857142858,2404.714285714286,-17.428571428571427,2473.3571428571427,17.928571428571427,2455.4285714285716,-11.571428571428571,63.0379704175703,4.0,8249.5,False,False,,0
2025-07-07,3,18,8,2317,20,116,False,False,False,False,False,False,False,False,False,False,False,False,False,2335,-12,-31907,-0.5959982971477262,2399.5714285714284,16.714285714285715,2382.8571428571427,-16.0,2458.9285714285716,17.714285714285715,2441.214285714286,-12.785714285714286,70.07519509151578,2.5,8249.5,False,False,,0
2025-07-08,5,16,8,2306,20,115,False,False,False,False,False,False,False,False,False,False,False,False,False,2322,-12,-31919,-0.5567451820128522,2380.4285714285716,17.714285714285715,2362.714285714286,-13.714285714285714,2443.4285714285716,16.857142857142858,2426.5714285714284,-13.285714285714286,74.83902137896006,2.5,8249.5,False,False,,0
2025-07-09,2,18,0,2281,32,114,False,False,False,False,False,False,False,False,False,False,False,False,False,2299,-32,-31951,-0.9905254091300608,2361.714285714286,17.857142857142858,2343.8571428571427,-16.428571428571427,2425.714285714286,16.428571428571427,2409.285714285714,-15.285714285714286,77.73270628541945,,8249.5,False,False,,0
2025-07-10,2,12,3,2252,39,113,False,False,False,False,False,False,False,False,False,False,False,False,False,2264,-36,-31987,-1.5224010439321423,2338.1428571428573,16.428571428571427,2321.714285714286,-20.428571428571427,2407.4285714285716,15.928571428571429,2391.5,-17.071428571428573,83.72639900408893,13.0,8249.5,False,False,,0
2025-07-13,1,13,4,2204,10,112,False,False,False,False,False,False,False,False,False,False,False,False,False,2217,-6,-31993,-2.075971731448767,2311.285714285714,16.285714285714285,2295.0,-19.0,2385.714285714286,15.928571428571429,2369.785714285714,-17.357142857142858,91.10216460483703,2.5,8249.5,False,False,,0
2025-07-14,2,9,1,2181,26,111,False,False,False,False,False,False,False,False,False,False,False,False,False,2190,-25,-32018,-1.2178619756427644,2282.285714285714,14.714285714285714,2267.5714285714284,-18.428571428571427,2362.8571428571427,15.5,2347.3571428571427,-18.285714285714285,97.44336196628097,26.0,8249.5,False,False,,0
2025-07-15,0,8,5,2171,17,110,False,False,False,False,False,False,False,False,False,False,False,False,False,2179,-12,-32030,-0.5022831050228271,2258.0,13.428571428571429,2244.5714285714284,-19.285714285714285,2339.285714285714,14.642857142857142,2324.6428571428573,-18.357142857142858,99.26842287607424,3.4,8249.5,False,False,,0
2025-07-16,1,9,0,2164,11,109,False,False,False,False,False,False,False,False,False,False,False,False,False,2173,-11,-32041,-0.275355667737498,2234.8571428571427,12.142857142857142,2222.714285714286,-19.142857142857142,2317.214285714286,14.428571428571429,2302.785714285714,-17.571428571428573,99.44784374966291,,8249.5,False,False,,0
2025-07-17,3,16,2,2153,17,108,False,False,False,False,False,False,False,False,False,False,False,False,False,2169,-15,-32056,-0.18407731247124248,2213.0,12.142857142857142,2200.8571428571427,-19.571428571428573,2296.714285714286,14.928571428571429,2281.785714285714,-16.642857142857142,98.21125469891258,8.5,8249.5,False,False,,0
2025-07-21,4,18,7,2121,16,107,False,False,False,False,False,False,False,False,False,False,False,False,False,2139,-9,-32065,-1.3831258644536604,2190.1428571428573,12.142857142857142,2178.0,-16.285714285714285,2275.9285714285716,15.0,2260.9285714285716,-16.357142857142858,98.62552664284746,2.2857142857142856,8249.5,False,False,,0
2025-07-22,5,13,3,2117,16,106,False,False,False,False,False,False,False,False,False,False,False,False,False,2130,-13,-32078,-0.42075736325385416,2171.0,12.285714285714286,2158.714285714286,-13.0,2254.5714285714284,14.357142857142858,2240.214285714286,-16.714285714285715,95.24439356507766,5.333333333333333,8249.5,False,False,,0
2025-07-23,6,21,5,2111,14,105,False,False,False,False,False,False,False,False,False,False,False,False,False,2132,-9,-32087,0.09389671361501595,2158.8571428571427,13.428571428571429,2145.4285714285716,-13.428571428571429,2235.0714285714284,14.857142857142858,2220.214285714286,-16.214285714285715,89.87210081877335,2.8,8249.5,False,False,,0
2025-07-24,6,18,7,2096,29,104,False,False,False,False,False,False,False,False,False,False,False,False,False,2114,-22,-32109,-0.8442776735459678,2148.0,14.714285714285714,2133.285714285714,-13.0,2215.1428571428573,14.714285714285714,2200.4285714285716,-15.714285714285714,82.81476748968954,4.142857142857143,8249.5,False,False,,0
2025-07-27,1,12,2,2088,4,103,False,False,False,False,False,False,False,False,False,False,False,False,False,2100,-2,-32111,-0.6622516556291425,2136.714285714286,15.285714285714286,2121.4285714285716,-11.571428571428571,2197.3571428571427,14.357142857142858,2183.0,-15.428571428571429,78.480381814542,2.0,8249.5,False,False,,0
2025-07-28,2,9,3,2080,14,102,False,False,False,False,False,False,False,False,False,False,False,False,False,2089,-11,-32122,-0.5238095238095264,2124.714285714286,15.285714285714286,2109.4285714285716,-11.571428571428571,2179.785714285714,13.714285714285714,2166.0714285714284,-15.357142857142858,72.61190681338232,4.666666666666667,8249.5,False,False,,0
2025-07-29,2,8,3,2072,12,101,False,False,False,False,False,False,False,False,False,False,False,False,False,2080,-9,-32131,-0.43082814743896636,2112.0,14.142857142857142,2097.8571428571427,-10.714285714285714,2162.5,13.142857142857142,2149.3571428571427,-15.142857142857142,64.50491931218309,4.0,8249.5,False,False,,0
2025-07-30,4,15,4,2063,16,100,False,False,False,False,False,False,False,False,False,False,False,False,False,2078,-12,-32143,-0.09615384615384581,2103.285714285714,13.714285714285714,2089.5714285714284,-11.142857142857142,2146.714285714286,12.928571428571429,2133.785714285714,-13.714285714285714,54.85004532919181,4.0,8249.5,False,False,,0
2025-07-31,2,9,6,2058,15,99,False,False,False,False,False,False,False,False,False,False,False,False,False,2067,-9,-32152,-0.5293551491819093,2094.285714285714,13.142857142857142,2081.1428571428573,-10.571428571428571,2132.6428571428573,12.714285714285714,2119.9285714285716,-11.785714285714286,47.1798639307781,2.5,8249.5,False,False,,0
2025-08-03,5,26,3,2049,5,98,False,False,False,False,False,False,False,False,False,False,False,False,False,2075,-2,-32154,0.38703434929849845,2086.1428571428573,13.857142857142858,2072.285714285714,-9.571428571428571,2122.5,13.642857142857142,2108.8571428571427,-11.5,42.70065753514242,1.6666666666666667,8249.5,False,False,,0
2025-08-04,5,22,11,2040,14,97,False,False,False,False,False,False,False,False,False,False,False,False,False,2062,-3,-32157,-0.6265060240963849,2078.714285714286,14.428571428571429,2064.285714285714,-6.857142857142857,2113.3571428571427,14.571428571428571,2098.785714285714,-9.928571428571429,40.79707218647715,1.2727272727272727,8249.5,False,False,,0
2025-08-05,2,21,10,2042,14,96,False,False,False,False,False,False,False,False,False,False,False,False,False,2063,-4,-32161,0.04849660523762456,2073.4285714285716,15.714285714285714,2057.714285714286,-7.142857142857143,2105.0714285714284,15.5,2089.5714285714284,-9.357142857142858,38.13228853162513,1.4,8249.5,False,False,,0
2025-08-06,4,17,3,2036,13,95,False,False,False,False,False,False,False,False,False,False,False,False,False,2053,-10,-32171,-0.4847309743092554,2068.285714285714,16.857142857142858,2051.4285714285716,-7.0,2096.5,16.071428571428573,2080.4285714285716,-9.285714285714286,35.05106165531593,4.333333333333333,8249.5,False,False,,0
2025-08-07,4,18,6,2031,17,94,False,False,False,False,False,False,False,False,False,False,False,False,False,2049,-11,-32182,-0.1948368241597609,2063.8571428571427,18.285714285714285,2045.5714285714287,-7.285714285714286,2087.9285714285716,16.214285714285715,2071.714285714286,-9.0,30.309846803882078,2.8333333333333335,8249.5,False,False,,0
2025-08-10,0,18,8,2006,12,93,False,False,False,False,False,False,False,False,False,False,False,False,False,2024,-4,-32186,-1.2201073694485087,2056.1428571428573,18.714285714285715,2037.4285714285713,-6.142857142857143,2079.714285714286,16.214285714285715,2063.5,-8.642857142857142,30.97996516857915,1.5,8249.5,False,False,,0
2025-08-11,6,23,4,1999,16,92,False,False,False,False,False,False,False,False,False,False,False,False,False,2022,-12,-32198,-0.09881422924901129,2049.714285714286,20.714285714285715,2029.0,-6.571428571428571,2072.0,16.928571428571427,2055.0714285714284,-8.571428571428571,30.941632398321993,4.0,8249.5,False,False,,0
2025-08-12,8,38,9,1999,9,91,False,False,False,False,False,False,False,False,False,False,False,False,False,2037,0,-32198,0.7418397626112849,2044.2857142857142,22.428571428571427,2021.857142857143,-6.285714285714286,2065.214285714286,18.142857142857142,2047.0714285714287,-7.928571428571429,26.927762545239258,1.0,8249.5,False,False,,0
2025-08-13,6,22,12,1997,17,90,False,False,False,False,False,False,False,False,False,False,False,False,False,2019,-5,-32203,-0.8836524300441795,2038.142857142857,22.428571428571427,2015.7142857142858,-6.571428571428571,2058.4285714285716,18.428571428571427,2040.0,-6.714285714285714,25.62665165045541,1.4166666666666667,8249.5,False,False,,0
2025-08-14,3,27,4,1994,11,89,False,False,False,False,False,False,False,False,False,False,False,False,False,2021,-7,-32210,0.0990589400693409,2032.142857142857,23.285714285714285,2008.857142857143,-7.0,2052.785714285714,19.5,2033.2857142857142,-7.071428571428571,24.438867441983813,2.75,8249.5,False,False,,0
2025-08-17,4,14,2,1991,3,88,False,False,False,False,False,False,False,False,False,False,False,False,False,2005,-1,-32211,-0.7916872835230127,2025.2857142857142,22.857142857142858,2002.4285714285713,-5.714285714285714,2046.7857142857142,19.857142857142858,2026.9285714285713,-6.357142857142857,25.164622823459144,1.5,8249.5,False,False,,0
2025-08-18,4,20,6,1985,14,87,False,False,False,False,False,False,False,False,False,False,False,False,False,2005,-8,-32219,0.0,2019.0,23.142857142857142,1995.857142857143,-5.285714285714286,2041.4285714285713,20.714285714285715,2020.7142857142858,-6.285714285714286,25.53041711157517,2.3333333333333335,8249.5,False,False,,0
2025-08-19,5,35,3,1980,11,86,False,False,False,False,False,False,False,False,False,False,False,False,False,2015,-8,-32227,0.4987531172069737,2017.7142857142858,25.571428571428573,1992.142857142857,-5.857142857142857,2036.9285714285713,22.142857142857142,2014.7857142857142,-6.0,24.100636079355883,3.6666666666666665,8249.5,False,False,,0
2025-08-20,10,38,10,1983,10,85,False,False,False,False,False,False,False,False,False,False,False,False,False,2021,0,-32227,0.29776674937964653,2017.5714285714287,27.714285714285715,1989.857142857143,-4.142857142857143,2033.642857142857,24.214285714285715,2009.4285714285713,-5.357142857142857,22.785309516424793,1.0,8249.5,False,False,,0
2025-08-21,6,49,8,1972,21,84,False,False,False,False,False,False,False,False,False,False,False,False,False,2021,-13,-32240,0.0,2015.2857142857142,29.285714285714285,1986.0,-6.0,2029.7857142857142,25.857142857142858,2003.9285714285713,-6.142857142857143,19.592693190642336,2.625,8249.5,False,False,,0
2025-08-24,4,21,5,1981,5,83,False,False,False,False,False,False,False,False,False,False,False,False,False,2002,0,-32240,-0.9401286491835692,2012.857142857143,29.142857142857142,1983.7142857142858,-5.285714285714286,2025.5,25.785714285714285,1999.7142857142858,-5.928571428571429,18.537902962388635,1.0,8249.5,False,False,,0
2025-08-25,8,30,8,1980,11,82,False,False,False,False,False,False,False,False,False,False,False,False,False,2010,-3,-32243,0.3996003996004083,2011.2857142857142,29.571428571428573,1981.7142857142858,-4.714285714285714,2021.7142857142858,26.428571428571427,1995.2857142857142,-5.857142857142857,15.444334644672471,1.375,8249.5,False,False,,0
2025-08-26,10,21,20,1989,15,81,False,False,False,False,False,False,False,False,False,False,False,False,False,2010,5,-32238,0.0,2012.0,30.571428571428573,1981.4285714285713,-3.857142857142857,2018.642857142857,26.714285714285715,1991.9285714285713,-4.785714285714286,12.791867268740745,0.75,8249.5,False,False,129,1
2025-08-27,5,19,9,1988,19,80,False,False,False,False,False,False,False,False,False,False,False,False,False,2007,-10,-32248,-0.14925373134327957,2012.2857142857142,30.428571428571427,1981.857142857143,-4.142857142857143,2015.642857142857,26.785714285714285,1988.857142857143,-4.714285714285714,9.66840328427029,2.111111111111111,8249.5,False,False,,0
2025-08-28,8,33,6,1984,17,79,False,False,False,False,False,False,False,False,False,False,False,False,False,2017,-11,-32259,0.49825610363727346,2012.5714285714287,30.142857142857142,1982.4285714285713,-4.571428571428571,2015.142857142857,27.857142857142858,1987.2857142857142,-5.214285714285714,9.379660018747888,2.8333333333333335,8249.5,False,False,,0
2025-09-01,10,29,17,2010,5,78,False,False,False,False,False,False,False,False,False,False,False,False,False,2039,12,-32247,1.0907288051561714,2015.142857142857,28.857142857142858,1986.2857142857142,-2.857142857142857,2016.357142857143,28.285714285714285,1988.0714285714287,-3.5,11.249664223620128,0.29411764705882354,8249.5,False,False,131,1
2025-09-02,6,35,9,2020,9,77,False,False,False,False,False,False,False,False,False,False,False,False,False,2055,0,-32247,0.7846983815595898,2020.0,26.857142857142858,1993.142857142857,-1.0,2017.642857142857,28.071428571428573,1989.5714285714287,-3.5,14.382720099197783,1.0,8249.5,False,False,,0
2025-09-03,4,29,11,2019,10,76,False,False,False,False,False,False,False,False,False,False,False,False,False,2048,1,-32246,-0.3406326034063212,2026.5714285714287,28.0,1998.5714285714287,-0.8571428571428571,2019.7142857142858,28.571428571428573,1991.142857142857,-3.0714285714285716,16.5223790986106,0.9090909090909091,8249.5,False,False,133,1
2025-09-04,11,40,2,2015,14,75,False,False,False,False,False,False,False,False,False,False,False,False,False,2055,-12,-32258,0.341796875,2033.0,29.428571428571427,2003.5714285714287,-2.142857142857143,2022.142857142857,29.5,1992.642857142857,-3.4285714285714284,19.03380451656644,7.0,8249.5,False,False,,0
2025-09-07,4,19,9,2026,7,74,False,False,False,False,False,False,False,False,False,False,False,False,False,2045,2,-32256,-0.48661800486617945,2038.0,29.142857142857142,2008.857142857143,-2.5714285714285716,2025.0,29.857142857142858,1995.142857142857,-3.2142857142857144,19.263357006659657,0.7777777777777778,8249.5,False,False,135,1
2025-09-08,7,25,5,2025,6,73,False,False,False,False,False,False,False,False,False,False,False,False,False,2050,-1,-32257,0.24449877750611915,2044.142857142857,30.0,2014.142857142857,-1.2857142857142858,2028.2142857142858,30.214285714285715,1998.0,-2.7142857142857144,19.423136766425905,1.2,8249.5,False,False,,0
2025-09-09,18,42,11,2023,14,72,False,False,False,False,False,False,False,False,False,False,False,False,False,2065,-3,-32260,0.7317073170731714,2051.0,31.285714285714285,2019.7142857142858,-0.14285714285714285,2031.7857142857142,30.714285714285715,2001.0714285714287,-2.357142857142857,21.31153018368927,1.2727272727272727,8249.5,False,False,,0
2025-09-10,10,47,14,2025,18,71,False,False,False,False,False,False,False,False,False,False,False,False,False,2072,-4,-32264,0.3389830508474523,2055.714285714286,33.857142857142854,2021.857142857143,-2.4285714285714284,2035.4285714285713,31.357142857142858,2004.0714285714287,-2.642857142857143,23.56566696339346,1.2857142857142858,8249.5,False,False,,0
2025-09-11,12,38,29,2047,6,70,False,False,False,False,False,False,False,False,False,False,False,False,False,2085,23,-32241,0.6274131274131234,2060.0,34.285714285714285,2025.7142857142858,0.8571428571428571,2040.0,30.571428571428573,2009.4285714285713,-0.07142857142857142,26.567765316920916,0.20689655172413793,8249.5,False,False,137,2
2025-09-14,7,39,13,2083,5,69,False,False,False,False,False,False,False,False,False,False,False,False,False,2122,8,-32233,1.7745803357314127,2070.5714285714284,35.714285714285715,2034.857142857143,1.8571428571428572,2048.5714285714284,31.857142857142858,2016.7142857142858,0.5,32.138436815872005,0.38461538461538464,8249.5,False,False,137,2
2025-09-15,9,47,10,2086,10,68,False,False,False,False,False,False,False,False,False,False,False,False,False,2133,0,-32233,0.5183788878416529,2081.714285714286,36.714285714285715,2045.0,3.5714285714285716,2057.3571428571427,33.07142857142857,2024.2857142857142,0.7142857142857143,37.197202424649966,1.0,8249.5,False,False,,0
2025-09-16,7,28,17,2095,12,67,False,False,False,False,False,False,False,False,False,False,False,False,False,2123,5,-32228,-0.46882325363337696,2092.8571428571427,38.0,2054.8571428571427,4.0,2065.4285714285716,33.57142857142857,2031.857142857143,0.7142857142857143,38.37209379882669,0.7058823529411765,8249.5,False,False,139,1
2025-09-17,7,38,5,2096,13,66,False,False,False,False,False,False,False,False,False,False,False,False,False,2134,-8,-32236,0.5181347150259086,2104.8571428571427,39.857142857142854,2065.0,3.0,2074.5,34.92857142857143,2039.5714285714287,0.8571428571428571,38.50824087741253,2.6,8249.5,False,False,,0
2025-09-18,20,52,11,2096,14,65,False,False,False,False,False,False,False,False,False,False,False,False,False,2148,-3,-32239,0.6560449859418949,2116.714285714286,41.285714285714285,2075.4285714285716,3.0,2083.8571428571427,36.285714285714285,2047.5714285714287,1.4285714285714286,39.36780633858355,1.2727272727272727,8249.5,False,False,,0
2025-09-21,8,35,13,2134,5,64,False,False,False,False,False,False,False,False,False,False,False,False,False,2169,8,-32231,0.9776536312849249,2130.5714285714284,39.57142857142857,2091.0,4.714285714285714,2093.1428571428573,36.714285714285715,2056.4285714285716,1.1428571428571428,43.12567884581123,0.38461538461538464,8249.5,False,False,141,2
2025-09-22,17,40,14,2141,10,63,False,False,False,False,False,False,False,False,False,False,False,False,False,2181,4,-32227,0.5532503457814641,2144.285714285714,39.857142857142854,2104.4285714285716,2.0,2102.1428571428573,37.07142857142857,2065.0714285714284,1.4285714285714286,47.48093891792025,0.7142857142857143,8249.5,False,False,141,2
2025-09-23,11,36,10,2145,15,62,False,False,False,False,False,False,False,False,False,False,False,False,False,2181,-5,-32232,0.0,2152.714285714286,39.42857142857143,2113.285714285714,0.14285714285714285,2111.6428571428573,37.57142857142857,2074.0714285714284,1.0,49.09270217334698,1.5,8249.5,False,False,,0
2025-09-24,3,38,12,2138,17,61,False,False,False,False,False,False,False,False,False,False,False,False,False,2176,-5,-32237,-0.22925263640531934,2158.8571428571427,38.142857142857146,2120.714285714286,-0.5714285714285714,2120.285714285714,37.42857142857143,2082.8571428571427,1.5,49.00459722860634,1.4166666666666667,8249.5,False,False,,0
2025-09-25,6,35,12,2132,18,60,False,False,False,False,False,False,False,False,False,False,False,False,False,2167,-6,-32243,-0.4136029411764719,2165.1428571428573,39.142857142857146,2126.0,-2.142857142857143,2129.0,38.57142857142857,2090.4285714285716,0.9285714285714286,45.29391197087841,1.5,8249.5,False,False,,0
2025-09-28,11,29,12,2146,9,59,False,False,False,False,False,False,False,False,False,False,False,False,False,2175,3,-32240,0.369173973234882,2171.0,37.857142857142854,2133.1428571428573,-0.5714285714285714,2137.9285714285716,38.857142857142854,2099.0714285714284,1.2142857142857142,40.60023547919612,0.75,8249.5,False,False,143,1
2025-09-29,8,35,12,2148,13,58,False,False,False,False,False,False,False,False,False,False,False,False,False,2183,-1,-32241,0.36781609195402076,2176.0,35.42857142857143,2140.5714285714284,-0.2857142857142857,2146.3571428571427,38.357142857142854,2108.0,1.3571428571428572,36.31826652806241,1.0833333333333333,8249.5,False,False,,0
2025-09-30,8,32,12,2159,7,57,False,False,False,False,False,False,False,False,False,False,False,False,False,2191,5,-32236,0.3664681630783262,2179.1428571428573,35.0,2144.1428571428573,-0.7142857142857143,2154.8571428571427,37.285714285714285,2117.5714285714284,2.0,31.13211832329309,0.5833333333333334,8249.5,False,False,145,1
2025-10-01,4,33,12,2163,14,56,False,False,False,False,False,False,False,False,False,False,False,False,False,2196,-2,-32238,0.22820629849384932,2181.285714285714,34.0,2147.285714285714,-1.5714285714285714,2162.785714285714,36.92857142857143,2125.8571428571427,0.21428571428571427,25.619039110039736,1.1666666666666667,8249.5,False,False,,0
2025-10-02,20,51,15,2164,16,55,False,False,False,False,False,False,False,False,False,False,False,False,False,2215,-1,-32239,0.8652094717668479,2186.1428571428573,36.142857142857146,2150.0,-1.0,2169.4285714285716,37.785714285714285,2131.6428571428573,-0.42857142857142855,26.27872578071253,1.0666666666666667,8249.5,False,False,,0
2025-10-05,8,28,13,2180,16,54,False,False,False,False,False,False,False,False,False,False,False,False,False,2208,-3,-32242,-0.31602708803611934,2190.714285714286,34.714285714285715,2156.0,-0.7142857142857143,2174.785714285714,36.42857142857143,2138.3571428571427,-0.6428571428571429,25.92349267775909,1.2307692307692308,8249.5,False,False,,0
2025-10-06,5,33,15,2187,10,53,False,False,False,False,False,False,False,False,False,False,False,False,False,2220,5,-32237,0.5434782608695565,2198.285714285714,34.42857142857143,2163.8571428571427,0.8571428571428571,2181.714285714286,36.785714285714285,2144.9285714285716,-0.6428571428571429,23.90181380947754,0.6666666666666666,8249.5,False,False,147,1
2025-10-07,11,45,4,2189,10,52,False,False,False,False,False,False,False,False,False,False,False,False,False,2234,-6,-32243,0.6306306306306242,2206.714285714286,36.714285714285715,2170.0,-0.42857142857142855,2188.8571428571427,37.285714285714285,2151.5714285714284,-0.5,23.484388082353277,2.5,8249.5,False,False,,0
2025-10-08,8,49,15,2192,17,51,False,False,False,False,False,False,False,False,False,False,False,False,False,2241,-2,-32245,0.3133393017009878,2215.0,38.714285714285715,2176.285714285714,-0.5714285714285714,2195.5,37.07142857142857,2158.4285714285716,-0.42857142857142855,24.18120694499624,1.1333333333333333,8249.5,False,False,,0
2025-10-09,11,55,13,2192,12,50,False,False,False,False,False,False,False,False,False,False,False,False,False,2247,1,-32244,0.2677376171352108,2223.0,42.0,2181.0,-1.1428571428571428,2201.0714285714284,38.5,2162.5714285714284,-0.9285714285714286,26.48211090317488,0.9230769230769231,8249.5,False,False,149,3
2025-10-13,8,24,7,2223,6,49,False,False,False,False,False,False,False,False,False,False,False,False,False,2247,1,-32243,0.0,2230.285714285714,40.714285714285715,2189.5714285714284,-0.7142857142857143,2205.785714285714,37.357142857142854,2168.4285714285716,-1.1428571428571428,28.436646378021123,0.8571428571428571,8249.5,False,False,149,3
2025-10-14,7,30,16,2235,8,48,False,False,False,False,False,False,False,False,False,False,False,False,False,2265,8,-32235,0.8010680907877266,2237.4285714285716,37.714285714285715,2199.714285714286,0.5714285714285714,2211.785714285714,36.92857142857143,2174.8571428571427,-0.21428571428571427,31.501351795134305,0.5,8249.5,False,False,149,3
2025-10-15,8,29,10,2225,15,47,False,False,False,False,False,False,False,False,False,False,False,False,False,2254,-5,-32240,-0.4856512141280356,2244.0,37.857142857142854,2206.1428571428573,0.2857142857142857,2217.3571428571427,36.285714285714285,2181.0714285714284,-0.21428571428571427,31.582875455910568,1.5,8249.5,False,False,,0
2025-10-16,9,33,15,2233,9,46,False,False,False,False,False,False,False,False,False,False,False,False,False,2266,6,-32234,0.5323868677906018,2250.5714285714284,37.857142857142854,2212.714285714286,0.42857142857142855,2224.4285714285716,36.142857142857146,2188.285714285714,0.6428571428571429,30.505268867145226,0.6,8249.5,False,False,151,2
2025-10-19,9,34,17,2237,7,45,False,False,False,False,False,False,False,False,False,False,False,False,False,2271,10,-32224,0.22065313327448433,2255.8571428571427,36.285714285714285,2219.5714285714284,2.7142857142857144,2231.285714285714,36.5,2194.785714285714,1.1428571428571428,29.30588959442137,0.4117647058823529,8249.5,False,False,151,2
2025-10-20,10,39,6,2243,7,44,False,False,False,False,False,False,False,False,False,False,False,False,False,2282,-1,-32225,0.484368119771017,2261.714285714286,34.857142857142854,2226.8571428571427,2.857142857142857,2238.3571428571427,36.785714285714285,2201.5714285714284,1.1428571428571428,28.696306766953988,1.1666666666666667,8249.5,False,False,,0
2025-10-21,13,39,17,2251,9,43,False,False,False,False,False,False,False,False,False,False,False,False,False,2290,8,-32217,0.35056967572304476,2267.8571428571427,32.57142857142857,2235.285714285714,3.857142857142857,2245.4285714285716,37.285714285714285,2208.1428571428573,1.3571428571428572,28.324260561375684,0.5294117647058824,8249.5,False,False,153,4
2025-10-22,12,42,13,2261,12,42,False,False,False,False,False,False,False,False,False,False,False,False,False,2303,1,-32216,0.5676855895196509,2275.8571428571427,35.142857142857146,2240.714285714286,3.857142857142857,2253.0714285714284,37.92857142857143,2215.1428571428573,1.5714285714285714,28.396815331370114,0.9230769230769231,8249.5,False,False,153,4
2025-10-23,4,27,26,2266,18,41,False,False,False,False,False,False,False,False,False,False,False,False,False,2293,8,-32208,-0.43421623968736833,2279.8571428571427,34.714285714285715,2245.1428571428573,3.857142857142857,2258.6428571428573,36.214285714285715,2222.4285714285716,2.2142857142857144,28.00166792671672,0.6923076923076923,8249.5,False,False,153,4
2025-10-26,4,35,12,2276,10,40,False,False,False,False,False,False,False,False,False,False,False,False,False,2311,2,-32206,0.7849978194504947,2288.0,35.57142857142857,2252.4285714285716,4.857142857142857,2266.0,36.714285714285715,2229.285714285714,2.5714285714285716,27.19162767230358,0.8333333333333334,8249.5,False,False,153,4
2025-10-27,2,31,8,2282,11,39,False,False,False,False,False,False,False,False,False,False,False,False,False,2313,-3,-32209,0.08654262224145892,2294.714285714286,35.285714285714285,2259.4285714285716,3.5714285714285716,2272.6428571428573,36.57142857142857,2236.0714285714284,2.0,26.438919864490092,1.375,8249.5,False,False,,0
2025-10-28,6,22,11,2286,6,38,False,False,False,False,False,False,False,False,False,False,False,False,False,2308,5,-32204,-0.2161694768698652,2300.0,33.57142857142857,2266.4285714285716,2.857142857142857,2277.9285714285716,34.92857142857143,2243.0,2.7857142857142856,25.499515187736755,0.5454545454545454,8249.5,False,False,155,1
2025-10-29,6,25,4,2280,17,37,False,False,False,False,False,False,False,False,False,False,False,False,False,2305,-13,-32217,-0.12998266897746857,2303.285714285714,31.571428571428573,2271.714285714286,1.1428571428571428,2282.5,33.214285714285715,2249.285714285714,2.0,24.06641451850609,4.25,8249.5,False,False,,0
2025-10-30,3,17,14,2287,12,36,False,False,False,False,False,False,False,False,False,False,False,False,False,2304,2,-32215,-0.04338394793925726,2305.285714285714,28.428571428571427,2276.8571428571427,0.2857142857142857,2286.5714285714284,30.5,2256.0714285714284,2.0714285714285716,22.359696868254215,0.8571428571428571,8249.5,False,False,157,2
2025-11-02,5,21,10,2277,7,35,False,False,False,False,False,False,False,False,False,False,False,False,False,2298,3,-32212,-0.26041666666666297,2304.5714285714284,25.428571428571427,2279.1428571428573,0.5714285714285714,2290.214285714286,30.285714285714285,2259.9285714285716,2.2142857142857144,19.371583359197682,0.7,8249.5,False,False,157,2
2025-11-03,3,28,5,2269,12,34,False,False,False,False,False,False,False,False,False,False,False,False,False,2297,-7,-32219,-0.04351610095735259,2305.1428571428573,25.571428571428573,2279.5714285714284,-1.5714285714285714,2292.5,30.142857142857142,2262.3571428571427,1.1428571428571428,18.0074770818482,2.4,8249.5,False,False,,0
2025-11-04,6,33,6,2270,8,33,False,False,False,False,False,False,False,False,False,False,False,False,False,2303,-2,-32221,0.2612102742707956,2304.0,25.285714285714285,2278.714285714286,-2.142857142857143,2296.0,30.428571428571427,2265.5714285714284,1.3571428571428572,14.336612627202106,1.3333333333333333,8249.5,False,False,,0
2025-11-05,8,41,8,2272,7,32,False,False,False,False,False,False,False,False,False,False,False,False,False,2313,1,-32220,0.43421623968735723,2304.0,26.714285714285715,2277.285714285714,-1.5714285714285714,2299.3571428571427,31.0,2268.3571428571427,1.0,12.099632183873329,0.875,8249.5,False,False,159,1
2025-11-06,6,33,9,2264,19,31,False,False,False,False,False,False,False,False,False,False,False,False,False,2297,-10,-32230,-0.6917423259835687,2302.4285714285716,28.285714285714285,2274.1428571428573,-3.7142857142857144,2301.214285714286,30.928571428571427,2270.285714285714,-0.42857142857142855,9.014335352211537,2.111111111111111,8249.5,False,False,,0
2025-11-09,11,33,5,2294,4,30,False,False,False,False,False,False,False,False,False,False,False,False,False,2327,1,-32229,1.3060513713539335,2305.5714285714284,29.428571428571427,2276.1428571428573,-1.7142857142857142,2304.4285714285716,30.5,2273.9285714285716,-0.2857142857142857,9.637381437037195,0.8,8249.5,False,False,161,1
2025-11-11,11,39,12,2294,14,29,False,False,False,False,False,False,False,False,False,False,False,False,False,2333,-2,-32231,0.25784271594326835,2309.714285714286,32.57142857142857,2277.1428571428573,-2.2857142857142856,2307.5,30.5,2277.0,-1.0,11.379806680421707,1.1666666666666667,8249.5,False,False,,0
2025-11-12,14,48,20,2302,7,28,False,False,False,False,False,False,False,False,False,False,False,False,False,2350,13,-32218,0.7286755250750065,2317.1428571428573,36.42857142857143,2280.714285714286,-0.8571428571428571,2310.8571428571427,30.928571428571427,2279.9285714285716,-0.14285714285714285,15.960803639884778,0.35,8249.5,False,False,163,2
2025-11-13,6,26,16,2317,5,27,False,False,False,False,False,False,False,False,False,False,False,False,False,2343,11,-32207,-0.29787234042553123,2323.714285714286,36.142857142857146,2287.5714285714284,1.7142857142857142,2314.4285714285716,30.857142857142858,2283.5714285714284,0.07142857142857142,17.20337304250777,0.3125,8249.5,False,False,163,2
2025-11-16,5,22,3,2340,5,26,False,False,False,False,False,False,False,False,False,False,False,False,False,2362,-2,-32209,0.8109261630388387,2332.1428571428573,34.57142857142857,2297.5714285714284,1.7142857142857142,2318.0714285714284,29.928571428571427,2288.1428571428573,-0.21428571428571427,21.32699367994066,1.6666666666666667,8249.5,False,False,,0
2025-11-17,1,35,6,2343,8,25,False,False,False,False,False,False,False,False,False,False,False,False,False,2378,-2,-32211,0.6773920406435208,2341.4285714285716,33.714285714285715,2307.714285714286,1.2857142857142858,2322.714285714286,30.214285714285715,2292.5,-0.14285714285714285,26.56900615370411,1.3333333333333333,8249.5,False,False,,0
2025-11-18,2,38,8,2345,12,24,False,False,False,False,False,False,False,False,False,False,False,False,False,2383,-4,-32215,0.2102607232968845,2353.714285714286,34.42857142857143,2319.285714285714,2.142857142857143,2328.0714285714284,31.357142857142858,2296.714285714286,-0.7857142857142857,30.62544011930202,1.5,8249.5,False,False,,0
2025-11-19,7,32,3,2340,10,23,False,False,False,False,False,False,False,False,False,False,False,False,False,2372,-7,-32222,-0.46160302140159093,2360.1428571428573,34.285714285714285,2325.8571428571427,1.0,2332.8571428571427,31.857142857142858,2301.0,-0.35714285714285715,31.949135400359868,3.3333333333333335,8249.5,False,False,,0
2025-11-20,18,57,8,2340,9,22,False,False,False,False,False,False,False,False,False,False,False,False,False,2397,-1,-32223,1.0539629005059004,2369.285714285714,36.857142857142854,2332.4285714285716,1.1428571428571428,2339.5,34.714285714285715,2304.785714285714,-0.5714285714285714,35.009339414461756,1.125,8249.5,False,False,,0
2025-11-23,3,46,22,2375,1,21,False,False,False,False,False,False,False,False,False,False,False,False,False,2421,21,-32202,1.001251564455563,2379.4285714285716,36.57142857142857,2342.8571428571427,2.2857142857142856,2348.285714285714,36.5,2311.785714285714,0.7142857142857143,38.999859116052825,0.045454545454545456,8249.5,False,False,165,1
2025-11-24,9,40,9,2371,13,20,False,False,False,False,False,False,False,False,False,False,False,False,False,2411,-4,-32206,-0.41305245766212195,2389.1428571428573,38.57142857142857,2350.5714285714284,0.14285714285714285,2356.4285714285716,37.357142857142854,2319.0714285714284,0.9285714285714286,39.367527200536585,1.4444444444444444,8249.5,False,False,,0
2025-11-25,6,47,14,2375,11,19,False,False,False,False,False,False,False,False,False,False,False,False,False,2422,3,-32203,0.45624222314393226,2397.714285714286,42.142857142857146,2355.5714285714284,0.8571428571428571,2364.9285714285716,38.357142857142854,2326.5714285714284,1.2857142857142858,39.78879681180326,0.7857142857142857,8249.5,False,False,167,3
2025-11-27,4,24,8,2389,7,18,False,False,False,False,False,False,False,False,False,False,False,False,False,2413,1,-32202,-0.37159372419488523,2402.714285714286,40.57142857142857,2362.1428571428573,1.2857142857142858,2372.0714285714284,37.142857142857146,2334.9285714285716,1.2857142857142858,38.71088951594155,0.875,8249.5,False,False,167,3
2025-11-30,4,18,10,2415,0,17,False,False,False,False,False,False,False,False,False,False,False,False,False,2433,10,-32192,0.8288437629506928,2409.8571428571427,37.714285714285715,2372.1428571428573,3.2857142857142856,2381.785714285714,36.07142857142857,2345.714285714286,2.7142857142857144,35.340494472104105,0.0,8249.5,False,False,167,3
2025-12-01,4,26,4,2410,9,16,False,False,False,False,False,False,False,False,False,False,False,False,False,2436,-5,-32197,0.12330456226881115,2419.0,36.857142857142854,2382.1428571428573,3.5714285714285716,2389.5714285714284,35.57142857142857,2354.0,2.2857142857142856,34.334809173217124,2.25,8249.5,False,False,,0
2025-12-02,7,34,6,2407,8,15,False,False,False,False,False,False,False,False,False,False,False,False,False,2441,-2,-32199,0.20525451559934016,2425.285714285714,33.57142857142857,2391.714285714286,3.4285714285714284,2397.285714285714,35.214285714285715,2362.0714285714284,2.2857142857142856,32.74241796428436,1.3333333333333333,8249.5,False,False,,0
2025-12-03,4,32,8,2419,7,14,False,False,False,False,False,False,False,False,False,False,False,False,False,2451,1,-32198,0.4096681687832948,2429.5714285714284,31.571428571428573,2398.0,0.5714285714285714,2404.5,34.07142857142857,2370.4285714285716,1.4285714285714286,32.64906642682678,0.875,8249.5,False,False,169,1
2025-12-04,16,39,7,2418,13,13,False,False,False,False,False,False,False,False,False,False,False,False,False,2457,-6,-32204,0.244798041615657,2436.1428571428573,31.428571428571427,2404.714285714286,0.2857142857142857,2412.6428571428573,35.0,2377.6428571428573,0.21428571428571427,30.25940958137665,1.8571428571428572,8249.5,False,False,,0
2025-12-07,4,24,13,2429,12,12,False,False,False,False,False,False,False,False,False,False,False,False,False,2453,1,-32203,-0.16280016280015852,2440.5714285714284,28.142857142857142,2412.4285714285716,0.0,2419.1428571428573,35.142857142857146,2384.0,0.42857142857142855,28.2512277293107,0.9230769230769231,8249.5,False,False,171,2
2025-12-08,9,27,9,2440,4,11,False,False,False,False,False,False,False,False,False,False,False,False,False,2467,5,-32198,0.570729718711771,2448.285714285714,28.571428571428573,2419.714285714286,0.5714285714285714,2425.5,34.57142857142857,2390.9285714285716,0.9285714285714286,28.2944680663605,0.4444444444444444,8249.5,False,False,171,2
2025-12-09,4,30,7,2443,8,10,False,False,False,False,False,False,False,False,False,False,False,False,False,2473,-1,-32199,0.2432103769760774,2454.0,30.285714285714285,2423.714285714286,-1.0,2431.9285714285716,34.0,2397.9285714285716,1.1428571428571428,28.119153850499266,1.1428571428571428,8249.5,False,False,,0
2025-12-10,10,54,5,2439,9,9,False,False,False,False,False,False,False,False,False,False,False,False,False,2493,-4,-32203,0.8087343307723316,2462.1428571428573,34.285714285714285,2427.8571428571427,-0.8571428571428571,2440.5714285714284,35.57142857142857,2405.0,1.3571428571428572,26.849192184499273,1.8,8249.5,False,False,,0
2025-12-11,7,47,9,2437,10,8,False,False,False,False,False,False,False,False,False,False,False,False,False,2484,-1,-32204,-0.3610108303249149,2468.285714285714,36.142857142857146,2432.1428571428573,-0.7142857142857143,2446.785714285714,34.857142857142854,2411.9285714285716,1.3571428571428572,26.044868302913226,1.1111111111111112,8249.5,False,False,,0
2025-12-14,8,35,4,2462,8,7,False,False,False,False,False,False,False,False,False,False,False,False,False,2497,-4,-32208,0.523349436392917,2474.8571428571427,36.57142857142857,2438.285714285714,-1.4285714285714286,2452.214285714286,34.07142857142857,2418.1428571428573,-0.42857142857142855,28.096478213343854,2.0,8249.5,False,False,,0
2025-12-15,11,42,9,2470,7,6,False,False,False,False,False,False,False,False,False,False,False,False,False,2512,2,-32206,0.6007208650380402,2482.714285714286,37.0,2445.714285714286,-0.2857142857142857,2459.4285714285716,34.214285714285715,2425.214285714286,0.0,29.62513040864158,0.7777777777777778,8249.5,False,False,173,3
2025-12-16,8,54,15,2468,9,5,False,False,False,False,False,False,False,False,False,False,False,False,False,2522,6,-32200,0.398089171974525,2492.5714285714284,41.285714285714285,2451.285714285714,0.42857142857142855,2466.5714285714284,34.714285714285715,2431.8571428571427,0.21428571428571427,31.87647863535758,0.6,8249.5,False,False,173,3
2025-12-17,7,31,11,2481,10,4,False,False,False,False,False,False,False,False,False,False,False,False,False,2512,1,-32199,-0.3965107057890549,2499.0,41.857142857142854,2457.1428571428573,-0.14285714285714285,2473.6428571428573,35.214285714285715,2438.4285714285716,0.21428571428571427,30.00412059747157,0.9090909090909091,8249.5,False,False,173,3
2025-12-18,11,50,6,2472,16,3,False,False,False,False,False,False,False,False,False,False,False,False,False,2522,-10,-32209,0.398089171974525,2506.0,44.714285714285715,2461.285714285714,-1.4285714285714286,2480.0,37.5,2442.5,-1.2142857142857142,30.15855536358937,2.6666666666666665,8249.5,False,False,,0
2025-12-21,6,18,11,2484,14,2,False,False,False,False,False,False,False,False,False,False,False,False,False,2502,-3,-32212,-0.7930214115781098,2507.285714285714,39.57142857142857,2467.714285714286,-1.2857142857142858,2484.714285714286,36.92857142857143,2447.785714285714,-1.0714285714285714,27.819275475687817,1.2727272727272727,8249.5,False,False,,0
